age,job,marital,education,default,balance,housing,loan,contact,day,month,duration,campaign,pdays,previous,poutcome,y
41,technician,married,secondary,no,0,no,no,cellular,29,aug,141,2,-1,0,unknown,no
30,management,married,tertiary,no,151,no,no,cellular,19,aug,82,4,-1,0,unknown,no
32,management,divorced,tertiary,no,883,yes,no,cellular,10,dec,798,1,185,5,other,yes
27,services,single,secondary,no,266,no,yes,cellular,7,jul,232,1,-1,0,unknown,no
48,management,married,tertiary,no,0,no,no,cellular,26,aug,60,5,-1,0,unknown,no
36,technician,married,tertiary,no,491,yes,no,unknown,8,may,103,3,-1,0,unknown,no
54,management,married,tertiary,no,3,no,yes,cellular,8,jul,443,1,-1,0,unknown,no
36,blue-collar,married,secondary,no,198,yes,no,unknown,9,may,400,2,-1,0,unknown,no
52,housemaid,married,secondary,no,14363,no,no,unknown,5,jun,132,1,-1,0,unknown,no
34,technician,divorced,secondary,no,0,yes,yes,cellular,18,aug,374,16,-1,0,unknown,no
43,technician,married,secondary,no,136,no,no,cellular,25,aug,363,7,-1,0,unknown,yes
32,management,single,tertiary,no,28,no,no,cellular,8,aug,111,2,-1,0,unknown,no
33,management,single,tertiary,no,335,no,no,cellular,29,aug,130,4,-1,0,unknown,no
51,housemaid,married,unknown,no,174,no,no,telephone,29,jul,308,3,-1,0,unknown,no
39,unemployed,married,secondary,no,270,yes,no,unknown,3,jun,116,1,-1,0,unknown,no
44,management,single,tertiary,no,1206,no,no,cellular,9,jul,160,2,-1,0,unknown,no
49,housemaid,divorced,primary,no,198,yes,no,unknown,13,may,205,3,-1,0,unknown,no
25,technician,married,tertiary,no,914,yes,no,cellular,12,may,185,2,-1,0,unknown,no
39,self-employed,married,secondary,no,31,yes,no,cellular,20,nov,61,2,181,4,failure,no
54,technician,married,secondary,no,0,no,no,telephone,14,aug,159,2,106,6,success,no
32,management,single,tertiary,no,347,yes,no,cellular,18,may,213,1,264,6,failure,no
36,management,married,tertiary,no,860,yes,no,unknown,20,may,294,15,-1,0,unknown,no
54,technician,married,secondary,no,89,yes,no,cellular,10,jul,140,3,-1,0,unknown,no
31,technician,married,secondary,no,0,yes,yes,cellular,28,jan,71,1,223,9,other,no
45,services,married,secondary,no,0,no,yes,cellular,8,jul,47,7,-1,0,unknown,no
31,admin.,single,secondary,no,68,yes,no,cellular,16,apr,570,2,-1,0,unknown,no
45,technician,married,secondary,no,-149,yes,no,cellular,14,jul,287,2,-1,0,unknown,no
33,services,divorced,secondary,no,2411,yes,no,cellular,23,oct,130,1,161,1,failure,yes
46,management,divorced,tertiary,no,225,yes,no,cellular,14,may,201,1,345,1,other,no
43,unknown,single,tertiary,no,2731,no,no,cellular,21,nov,11,7,-1,0,unknown,no
50,management,married,tertiary,no,112,yes,no,cellular,4,nov,70,5,85,5,other,no
44,management,divorced,tertiary,no,0,no,no,cellular,22,aug,54,2,-1,0,unknown,no
42,services,married,secondary,no,3620,yes,no,unknown,27,may,22,16,-1,0,unknown,no
26,blue-collar,single,secondary,no,179,no,no,cellular,30,jul,103,3,-1,0,unknown,no
47,admin.,single,secondary,no,1544,yes,no,cellular,6,apr,104,1,312,1,failure,no
48,blue-collar,married,primary,no,199,no,no,telephone,18,aug,29,2,-1,0,unknown,no
60,blue-collar,married,unknown,no,231,yes,no,unknown,12,may,57,2,-1,0,unknown,no
27,admin.,divorced,secondary,no,76,yes,no,unknown,4,jun,236,1,-1,0,unknown,no
30,unemployed,single,tertiary,no,302,no,no,cellular,11,feb,528,3,-1,0,unknown,yes
28,admin.,single,secondary,no,189,yes,no,cellular,31,jul,68,2,-1,0,unknown,no
58,retired,married,primary,no,565,no,no,telephone,7,jul,876,1,-1,0,unknown,yes
37,entrepreneur,married,tertiary,no,310,no,no,cellular,1,sep,76,1,-1,0,unknown,no
36,services,married,secondary,no,1746,yes,no,unknown,26,may,99,1,-1,0,unknown,no
39,technician,married,secondary,no,6,yes,no,cellular,18,may,122,3,357,4,failure,no
52,unemployed,married,primary,no,-110,no,yes,cellular,29,jan,141,1,-1,0,unknown,no
55,retired,married,secondary,no,2749,yes,yes,unknown,29,may,58,2,-1,0,unknown,no
30,management,single,tertiary,no,6495,no,no,cellular,30,mar,78,3,-1,0,unknown,no
36,blue-collar,single,secondary,no,35,yes,no,unknown,3,jun,435,3,-1,0,unknown,no
39,admin.,married,secondary,no,-650,no,no,cellular,15,may,123,2,364,1,failure,no
47,blue-collar,married,primary,no,292,no,yes,telephone,28,jul,210,3,-1,0,unknown,no
42,housemaid,single,primary,no,5774,yes,no,unknown,15,may,54,2,-1,0,unknown,no
42,management,married,secondary,no,2416,yes,no,unknown,20,may,138,4,-1,0,unknown,no
58,retired,married,secondary,no,35,no,no,cellular,29,jul,336,7,-1,0,unknown,no
68,retired,married,secondary,no,19317,yes,no,cellular,4,aug,249,1,-1,0,unknown,yes
43,technician,married,secondary,no,50,no,no,unknown,28,may,63,1,-1,0,unknown,no
44,blue-collar,married,secondary,no,-674,yes,no,unknown,5,may,257,1,-1,0,unknown,no
49,technician,married,tertiary,no,3726,no,no,cellular,5,aug,875,2,-1,0,unknown,yes
57,retired,married,tertiary,no,1180,yes,yes,unknown,14,may,191,2,-1,0,unknown,no
61,self-employed,divorced,tertiary,no,6610,no,no,cellular,24,feb,481,2,-1,0,unknown,yes
36,admin.,single,secondary,no,319,yes,no,cellular,18,may,120,2,-1,0,unknown,no
31,blue-collar,married,secondary,no,1545,yes,yes,cellular,13,may,207,1,-1,0,unknown,no
51,technician,married,tertiary,no,1315,no,no,telephone,5,jun,303,2,-1,0,unknown,no
31,technician,single,tertiary,no,424,no,no,cellular,21,aug,93,2,-1,0,unknown,no
56,blue-collar,married,primary,no,151,no,no,cellular,3,feb,128,1,-1,0,unknown,no
30,technician,single,tertiary,no,-970,no,yes,cellular,21,aug,194,2,-1,0,unknown,no
38,services,married,secondary,no,-762,yes,yes,unknown,30,may,408,2,-1,0,unknown,no
35,services,married,secondary,no,181,yes,no,cellular,31,jul,5,3,-1,0,unknown,no
31,blue-collar,married,unknown,no,-120,yes,no,cellular,17,jul,231,2,-1,0,unknown,no
39,admin.,divorced,secondary,no,1022,yes,no,unknown,20,jun,20,3,-1,0,unknown,no
50,management,married,tertiary,no,78,yes,no,cellular,14,jan,218,3,161,9,other,no
39,technician,married,tertiary,no,209,no,no,unknown,23,jul,36,2,-1,0,unknown,no
26,admin.,married,secondary,no,2469,no,no,cellular,16,jul,136,8,-1,0,unknown,no
55,technician,married,secondary,no,0,no,no,cellular,19,nov,336,1,-1,0,unknown,no
43,blue-collar,divorced,primary,no,328,no,yes,cellular,8,jul,192,1,-1,0,unknown,no
34,housemaid,married,tertiary,no,0,no,no,cellular,26,may,141,1,188,1,failure,no
51,self-employed,married,primary,no,307,yes,yes,unknown,17,jun,65,2,-1,0,unknown,no
31,management,married,tertiary,no,1384,yes,no,cellular,30,jan,203,2,2,3,other,no
32,management,married,tertiary,no,0,no,no,cellular,26,aug,104,9,-1,0,unknown,no
53,technician,married,secondary,no,719,yes,no,unknown,14,may,230,1,-1,0,unknown,no
44,management,divorced,tertiary,no,0,no,no,cellular,10,aug,71,1,-1,0,unknown,no
38,entrepreneur,married,tertiary,no,6704,yes,no,unknown,21,may,205,2,-1,0,unknown,no
47,self-employed,married,tertiary,no,4543,yes,no,unknown,14,may,162,1,-1,0,unknown,no
36,management,married,tertiary,no,0,yes,no,unknown,27,may,145,2,-1,0,unknown,no
30,management,single,tertiary,no,149,yes,no,unknown,3,jun,220,2,-1,0,unknown,no
46,blue-collar,married,secondary,no,-1400,yes,no,telephone,6,may,309,3,355,4,failure,no
33,entrepreneur,married,secondary,no,-118,yes,yes,unknown,27,may,421,3,-1,0,unknown,no
43,blue-collar,married,secondary,no,2160,no,no,cellular,8,sep,261,1,98,1,success,yes
38,management,married,tertiary,no,3452,no,no,cellular,13,aug,132,2,-1,0,unknown,no
27,technician,single,secondary,no,842,no,no,cellular,30,jul,273,1,91,1,other,no
38,management,married,unknown,no,3576,no,no,cellular,25,nov,349,2,183,1,success,yes
41,unemployed,married,tertiary,no,1666,no,no,unknown,9,jun,291,3,-1,0,unknown,no
29,technician,married,secondary,no,0,yes,no,cellular,28,jul,83,6,-1,0,unknown,no
39,services,married,secondary,no,0,yes,no,unknown,20,may,793,2,-1,0,unknown,no
42,blue-collar,single,primary,no,1628,yes,no,cellular,5,feb,119,1,195,8,success,no
47,services,married,secondary,no,51,yes,yes,unknown,16,may,312,1,-1,0,unknown,no
30,blue-collar,single,secondary,yes,447,no,no,unknown,14,may,103,6,-1,0,unknown,no
34,admin.,married,secondary,no,396,yes,no,cellular,16,jul,101,3,-1,0,unknown,no
45,housemaid,married,primary,no,4994,no,no,unknown,20,jun,48,1,-1,0,unknown,no
43,admin.,married,secondary,no,3215,yes,no,cellular,21,jul,228,3,-1,0,unknown,no
59,blue-collar,married,primary,no,2814,no,no,unknown,20,jun,81,3,-1,0,unknown,no
50,technician,married,secondary,no,0,no,no,cellular,7,jul,152,2,-1,0,unknown,no
39,blue-collar,married,secondary,no,293,yes,no,unknown,23,may,160,3,-1,0,unknown,no
36,technician,married,secondary,no,474,yes,no,unknown,27,may,59,1,-1,0,unknown,no
44,blue-collar,married,secondary,no,16178,yes,no,cellular,21,nov,297,1,-1,0,unknown,no
36,technician,married,tertiary,no,0,no,no,cellular,22,aug,147,2,-1,0,unknown,no
27,management,single,tertiary,no,88,no,no,cellular,4,may,143,1,-1,0,unknown,no
29,services,married,secondary,no,308,yes,no,unknown,28,may,75,1,-1,0,unknown,no
70,retired,married,secondary,no,1164,no,no,telephone,14,may,338,3,185,2,failure,no
44,management,married,tertiary,no,13893,no,no,unknown,11,jun,29,2,-1,0,unknown,no
55,management,married,tertiary,no,0,yes,no,unknown,14,may,159,2,-1,0,unknown,no
36,technician,divorced,secondary,no,-435,yes,no,unknown,2,jun,85,8,-1,0,unknown,no
28,technician,single,secondary,no,389,yes,no,cellular,11,may,15,7,-1,0,unknown,no
50,management,divorced,tertiary,no,356,no,no,cellular,8,may,198,2,358,5,other,no
49,technician,married,secondary,no,2718,no,no,unknown,19,may,114,2,-1,0,unknown,no
71,retired,divorced,tertiary,no,261,no,no,cellular,12,aug,1117,2,-1,0,unknown,no
31,admin.,single,secondary,no,757,no,no,cellular,3,feb,343,2,-1,0,unknown,no
45,management,single,tertiary,no,16,no,no,cellular,31,jul,59,2,-1,0,unknown,no
42,blue-collar,married,secondary,no,-422,no,no,cellular,9,jul,31,1,-1,0,unknown,no
45,admin.,married,secondary,no,248,no,no,cellular,16,jul,212,2,-1,0,unknown,no
47,technician,married,primary,no,145,yes,no,unknown,7,may,157,6,-1,0,unknown,no
60,retired,divorced,secondary,no,598,no,yes,cellular,8,jul,96,1,-1,0,unknown,no
35,management,married,tertiary,no,949,yes,no,unknown,27,may,245,2,-1,0,unknown,no
31,technician,single,tertiary,no,614,no,no,cellular,11,aug,72,4,-1,0,unknown,no
33,blue-collar,married,primary,no,1209,yes,no,cellular,16,apr,700,1,-1,0,unknown,no
50,self-employed,married,tertiary,no,202,yes,no,cellular,15,apr,107,1,148,4,failure,no
51,blue-collar,married,secondary,no,1840,yes,no,cellular,18,aug,312,3,-1,0,unknown,no
34,technician,married,secondary,no,114,yes,yes,cellular,4,jun,153,1,309,3,other,no
56,services,married,secondary,no,-229,no,yes,cellular,23,jul,55,10,-1,0,unknown,no
29,services,married,secondary,no,182,yes,no,telephone,13,may,38,3,-1,0,unknown,no
31,blue-collar,married,secondary,no,401,no,no,cellular,14,aug,96,3,-1,0,unknown,no
44,technician,divorced,unknown,no,759,yes,no,unknown,23,may,397,1,-1,0,unknown,no
55,retired,married,secondary,no,4194,no,yes,telephone,30,jul,208,3,-1,0,unknown,no
35,student,single,unknown,no,0,no,no,telephone,28,jan,122,3,-1,0,unknown,no
36,technician,married,tertiary,no,629,yes,yes,cellular,29,dec,109,1,246,1,failure,no
54,retired,married,secondary,no,153,yes,yes,unknown,26,may,74,1,-1,0,unknown,no
32,management,married,tertiary,no,553,yes,no,cellular,22,jul,72,1,-1,0,unknown,no
36,management,divorced,tertiary,no,1057,no,no,cellular,5,feb,383,2,-1,0,unknown,no
60,retired,married,secondary,no,78,yes,no,unknown,12,may,113,3,-1,0,unknown,no
32,technician,single,secondary,no,-28,no,yes,unknown,4,jul,400,1,-1,0,unknown,no
57,management,married,tertiary,no,929,no,no,cellular,19,aug,387,8,-1,0,unknown,no
34,blue-collar,married,primary,no,428,yes,no,cellular,18,may,59,2,-1,0,unknown,no
27,student,single,secondary,no,268,yes,no,cellular,13,may,528,1,358,2,failure,no
52,management,single,tertiary,no,83,no,no,cellular,26,aug,1223,6,-1,0,unknown,yes
45,admin.,divorced,unknown,no,998,yes,no,telephone,30,jul,38,2,-1,0,unknown,no
58,admin.,single,secondary,no,2223,no,no,cellular,4,dec,1139,2,114,1,success,no
39,blue-collar,single,primary,no,6,yes,no,cellular,19,nov,286,2,-1,0,unknown,no
48,blue-collar,single,secondary,no,312,yes,yes,cellular,3,feb,369,2,-1,0,unknown,no
36,management,single,secondary,no,0,no,no,cellular,13,aug,333,5,-1,0,unknown,no
31,technician,single,secondary,no,691,yes,no,cellular,8,may,198,1,-1,0,unknown,no
41,management,married,tertiary,no,771,yes,no,cellular,26,aug,106,8,-1,0,unknown,no
30,self-employed,single,secondary,no,192,no,no,cellular,22,jul,423,1,-1,0,unknown,no
57,retired,married,tertiary,no,0,no,no,cellular,12,aug,116,4,-1,0,unknown,no
29,admin.,single,secondary,no,1070,yes,no,unknown,19,may,30,1,357,1,other,yes
29,services,divorced,secondary,no,84,yes,no,cellular,13,apr,1101,2,-1,0,unknown,yes
30,management,single,tertiary,no,2,no,no,cellular,16,jun,102,1,85,1,failure,no
44,management,married,tertiary,no,1242,yes,no,cellular,6,aug,384,6,-1,0,unknown,no
33,student,single,unknown,no,5969,no,no,cellular,4,sep,156,2,127,8,failure,no
56,admin.,divorced,secondary,no,3337,yes,no,telephone,17,nov,99,3,-1,0,unknown,no
26,services,single,secondary,no,1347,no,no,telephone,18,jun,280,6,92,5,other,yes
52,technician,married,secondary,no,64,no,no,telephone,29,aug,20,2,-1,0,unknown,no
32,management,single,secondary,no,249,yes,no,unknown,2,jun,258,1,-1,0,unknown,no
36,technician,single,secondary,no,0,no,no,cellular,29,aug,85,6,-1,0,unknown,no
26,blue-collar,married,secondary,no,128,no,no,unknown,4,jul,355,1,-1,0,unknown,no
37,blue-collar,married,secondary,no,196,yes,no,unknown,5,jun,66,3,-1,0,unknown,no
34,technician,married,secondary,no,351,yes,no,cellular,18,jul,467,1,-1,0,unknown,no
26,services,single,secondary,no,5533,yes,no,cellular,7,may,582,2,283,4,failure,no
32,services,married,secondary,no,38,yes,no,cellular,15,may,744,1,-1,0,unknown,yes
30,management,single,tertiary,yes,35,no,no,cellular,30,jul,185,4,-1,0,unknown,no
27,technician,single,secondary,no,235,yes,no,cellular,12,may,13,5,-1,0,unknown,no
42,admin.,single,secondary,no,30,yes,no,cellular,4,feb,98,1,266,3,failure,no
33,blue-collar,single,primary,no,92,yes,no,unknown,9,may,127,1,-1,0,unknown,no
37,blue-collar,married,secondary,no,67,no,no,unknown,3,jun,45,2,-1,0,unknown,no
45,blue-collar,married,secondary,no,4022,yes,no,cellular,29,jan,244,3,-1,0,unknown,no
36,entrepreneur,married,tertiary,no,3057,no,no,unknown,16,jun,2769,4,-1,0,unknown,yes
39,management,single,tertiary,no,0,yes,no,cellular,12,may,561,4,369,3,failure,no
33,management,single,tertiary,no,349,no,no,cellular,22,aug,182,1,-1,0,unknown,no
47,services,married,secondary,no,2322,no,no,cellular,22,aug,618,1,-1,0,unknown,no
49,entrepreneur,married,secondary,no,167,yes,yes,unknown,6,may,198,3,-1,0,unknown,no
46,management,divorced,secondary,no,558,no,no,cellular,19,aug,126,6,-1,0,unknown,no
31,services,married,secondary,no,-230,yes,yes,cellular,16,jul,715,1,-1,0,unknown,no
43,unemployed,divorced,secondary,no,4094,yes,no,cellular,21,nov,63,1,-1,0,unknown,no
30,blue-collar,single,secondary,yes,239,yes,no,unknown,21,may,412,1,-1,0,unknown,yes
43,management,divorced,tertiary,no,497,no,no,cellular,13,may,66,1,363,22,failure,no
42,blue-collar,married,secondary,no,179,yes,no,cellular,17,nov,96,1,-1,0,unknown,no
30,admin.,single,tertiary,no,305,no,no,cellular,30,apr,633,1,85,2,success,yes
33,management,single,tertiary,no,-67,yes,no,unknown,5,may,364,1,-1,0,unknown,no
41,admin.,married,secondary,no,4539,no,no,unknown,30,may,298,3,-1,0,unknown,no
29,blue-collar,single,secondary,no,770,yes,no,cellular,17,apr,341,1,-1,0,unknown,no
38,unemployed,married,secondary,no,-673,yes,no,unknown,26,may,364,1,-1,0,unknown,no
29,technician,married,tertiary,no,858,yes,no,cellular,12,jun,234,7,330,1,failure,no
80,housemaid,married,primary,no,0,no,no,cellular,23,feb,639,1,189,1,failure,yes
38,management,single,tertiary,no,5244,no,no,cellular,8,aug,310,4,-1,0,unknown,no
36,blue-collar,divorced,primary,no,117,yes,no,unknown,2,jun,123,4,-1,0,unknown,no
38,self-employed,married,tertiary,no,846,no,no,cellular,2,jun,253,1,-1,0,unknown,no
44,management,married,secondary,yes,0,yes,no,cellular,11,jul,96,2,-1,0,unknown,no
31,management,married,tertiary,no,1331,no,no,cellular,30,apr,297,1,86,3,success,yes
31,services,single,secondary,no,31,yes,yes,unknown,26,may,501,2,-1,0,unknown,no
57,admin.,divorced,primary,no,179,yes,no,cellular,15,may,67,1,368,2,failure,no
37,blue-collar,married,primary,no,543,yes,no,unknown,21,may,281,1,-1,0,unknown,no
50,blue-collar,married,secondary,no,253,yes,yes,cellular,5,may,475,2,-1,0,unknown,no
60,retired,married,primary,no,71188,no,no,cellular,6,oct,205,1,-1,0,unknown,no
51,management,married,tertiary,no,5108,yes,no,cellular,8,oct,272,1,102,8,other,no
48,blue-collar,married,secondary,no,1738,yes,no,cellular,15,apr,349,1,-1,0,unknown,no
42,blue-collar,married,primary,no,-97,yes,no,cellular,3,feb,216,4,271,5,failure,no
36,blue-collar,married,secondary,no,199,yes,no,cellular,9,jul,183,1,-1,0,unknown,no
43,management,married,tertiary,no,489,yes,no,cellular,8,may,130,1,172,2,other,no
31,admin.,married,primary,no,355,yes,yes,unknown,4,jun,61,6,-1,0,unknown,no
49,technician,single,secondary,no,-97,yes,no,unknown,6,jun,92,2,-1,0,unknown,no
35,management,divorced,tertiary,no,473,no,yes,cellular,5,aug,37,2,-1,0,unknown,no
44,entrepreneur,married,secondary,no,6649,yes,no,cellular,19,nov,354,2,-1,0,unknown,no
34,self-employed,married,tertiary,no,263,no,no,cellular,4,may,203,1,78,8,other,no
46,blue-collar,married,secondary,no,781,no,no,unknown,13,may,152,1,-1,0,unknown,no
49,blue-collar,married,primary,no,1032,yes,no,unknown,2,jun,41,5,-1,0,unknown,no
32,blue-collar,married,secondary,no,119,no,no,cellular,4,may,20,5,-1,0,unknown,no
35,management,divorced,tertiary,no,434,yes,no,cellular,11,may,277,1,271,2,success,no
51,admin.,married,secondary,no,2967,no,no,unknown,17,jun,83,2,-1,0,unknown,no
57,retired,divorced,secondary,no,-331,yes,no,unknown,6,may,531,1,-1,0,unknown,no
59,management,married,tertiary,no,1585,no,no,telephone,28,aug,91,5,-1,0,unknown,no
40,services,divorced,unknown,no,4384,yes,no,unknown,5,may,315,1,-1,0,unknown,no
49,management,single,tertiary,no,588,no,no,cellular,28,aug,70,9,-1,0,unknown,no
51,management,married,secondary,no,3180,yes,no,cellular,9,jul,384,1,-1,0,unknown,no
35,admin.,married,secondary,yes,0,no,yes,unknown,4,jul,105,3,-1,0,unknown,no
29,self-employed,married,secondary,no,-76,yes,no,unknown,27,may,305,2,-1,0,unknown,no
32,services,single,secondary,no,152,yes,no,cellular,25,may,158,2,-1,0,unknown,yes
37,housemaid,divorced,secondary,no,1040,yes,no,cellular,13,may,199,1,173,2,failure,no
49,unemployed,married,primary,no,-384,yes,no,unknown,27,may,25,1,-1,0,unknown,no
45,technician,married,unknown,no,473,yes,no,unknown,27,may,147,1,-1,0,unknown,no
34,technician,single,secondary,no,475,yes,no,cellular,29,jul,538,8,-1,0,unknown,no
53,technician,married,secondary,no,0,no,no,cellular,22,aug,77,9,-1,0,unknown,no
42,entrepreneur,married,primary,no,149,no,no,cellular,20,aug,94,2,-1,0,unknown,no
43,technician,married,secondary,no,3285,yes,no,unknown,13,may,1721,2,-1,0,unknown,yes
52,retired,married,secondary,no,424,no,no,cellular,19,nov,143,1,154,3,failure,no
34,blue-collar,single,secondary,no,79,no,yes,cellular,20,nov,104,1,-1,0,unknown,no
34,technician,divorced,tertiary,no,674,yes,no,cellular,7,aug,587,2,-1,0,unknown,yes
27,services,married,secondary,no,0,yes,no,cellular,22,jul,1608,13,-1,0,unknown,yes
43,unemployed,married,tertiary,no,58,yes,no,cellular,9,feb,48,4,-1,0,unknown,no
41,technician,married,tertiary,no,532,yes,no,cellular,9,jul,74,1,-1,0,unknown,no
72,retired,married,secondary,no,4130,no,no,cellular,12,nov,427,1,-1,0,unknown,no
35,blue-collar,married,primary,no,422,yes,no,cellular,14,may,73,1,-1,0,unknown,no
41,management,married,tertiary,no,437,yes,no,unknown,3,jun,14,21,-1,0,unknown,no
36,blue-collar,divorced,primary,no,-308,yes,no,cellular,12,may,725,1,-1,0,unknown,yes
51,housemaid,married,primary,no,30,yes,no,cellular,14,jul,333,2,-1,0,unknown,no
37,self-employed,married,tertiary,no,137,no,no,cellular,13,aug,244,6,-1,0,unknown,no
42,admin.,single,secondary,no,-247,yes,yes,telephone,21,oct,519,1,166,1,other,yes
26,admin.,single,secondary,no,321,yes,no,cellular,22,jul,242,7,-1,0,unknown,no
23,services,single,secondary,no,250,yes,no,cellular,18,may,222,1,-1,0,unknown,no
50,management,married,tertiary,no,-470,yes,no,cellular,19,nov,130,2,160,1,failure,no
37,blue-collar,married,secondary,no,140,yes,yes,cellular,7,may,490,1,-1,0,unknown,no
35,management,married,tertiary,no,2793,no,no,cellular,20,nov,258,2,-1,0,unknown,no
37,management,married,tertiary,no,410,no,no,cellular,29,jan,337,2,-1,0,unknown,no
79,retired,divorced,unknown,no,2628,no,no,telephone,8,jul,220,7,450,2,failure,no
39,technician,married,secondary,no,116,no,no,cellular,24,aug,79,2,94,2,success,no
47,services,married,secondary,no,0,yes,no,telephone,9,jul,250,1,-1,0,unknown,no
44,blue-collar,married,secondary,no,878,yes,no,cellular,2,jun,130,1,-1,0,unknown,no
36,management,single,tertiary,no,2944,no,no,cellular,18,aug,882,8,-1,0,unknown,yes
33,blue-collar,single,secondary,no,3975,yes,yes,cellular,17,apr,515,1,150,1,other,no
42,services,married,secondary,no,96,yes,no,cellular,5,may,238,3,340,2,failure,no
35,technician,single,tertiary,no,2288,no,no,telephone,28,may,32,2,-1,0,unknown,no
31,blue-collar,married,secondary,no,472,yes,no,unknown,13,may,907,2,-1,0,unknown,no
58,services,married,primary,no,65,no,no,unknown,27,jun,162,1,-1,0,unknown,no
46,management,married,tertiary,no,0,no,no,unknown,7,may,70,2,-1,0,unknown,no
41,admin.,single,secondary,no,400,yes,no,unknown,4,jun,99,6,-1,0,unknown,no
58,technician,married,secondary,no,7495,yes,no,unknown,13,may,325,1,-1,0,unknown,no
33,blue-collar,married,secondary,no,137,no,yes,cellular,18,jul,305,12,-1,0,unknown,no
31,unemployed,married,secondary,no,24,yes,no,cellular,19,nov,631,1,-1,0,unknown,no
55,technician,divorced,secondary,no,3450,no,no,cellular,10,feb,169,1,183,1,failure,yes
38,technician,single,secondary,no,311,yes,no,cellular,28,may,61,2,-1,0,unknown,no
55,housemaid,married,secondary,no,139,no,no,cellular,22,aug,256,2,-1,0,unknown,no
47,management,single,tertiary,no,0,no,no,unknown,11,jun,58,3,-1,0,unknown,no
51,housemaid,married,primary,no,492,yes,no,unknown,20,may,142,3,-1,0,unknown,no
46,management,single,tertiary,no,334,yes,no,telephone,4,may,36,6,90,2,other,no
61,management,married,tertiary,no,997,no,no,cellular,10,mar,106,1,-1,0,unknown,yes
47,management,single,tertiary,no,440,no,no,cellular,21,aug,71,4,-1,0,unknown,no
34,technician,married,secondary,no,47,no,no,cellular,25,aug,132,6,-1,0,unknown,no
34,blue-collar,married,secondary,no,1298,yes,no,unknown,20,may,120,1,-1,0,unknown,no
41,management,divorced,tertiary,no,3355,no,no,cellular,14,oct,181,2,500,1,failure,no
36,blue-collar,divorced,secondary,no,-11,no,no,unknown,5,jun,152,2,-1,0,unknown,no
26,blue-collar,single,secondary,no,396,yes,no,unknown,28,may,302,1,-1,0,unknown,no
35,management,married,tertiary,no,8,no,no,cellular,23,apr,93,3,-1,0,unknown,yes
36,blue-collar,married,secondary,no,1409,no,no,unknown,17,jun,235,2,-1,0,unknown,no
26,management,single,tertiary,no,170,no,no,cellular,15,jun,129,1,-1,0,unknown,yes
58,management,married,primary,no,2769,yes,no,cellular,11,jul,94,2,-1,0,unknown,no
50,blue-collar,married,secondary,no,2320,yes,no,cellular,7,apr,310,1,-1,0,unknown,no
61,retired,married,secondary,no,76,yes,no,cellular,15,jul,195,7,-1,0,unknown,no
28,technician,single,secondary,no,2034,yes,no,unknown,21,may,196,1,-1,0,unknown,no
49,blue-collar,single,primary,no,3018,yes,no,unknown,15,may,93,1,-1,0,unknown,no
74,retired,married,secondary,no,921,no,no,telephone,17,apr,394,2,-1,0,unknown,yes
53,blue-collar,married,secondary,no,483,yes,no,cellular,3,feb,288,3,-1,0,unknown,no
46,self-employed,married,secondary,no,390,yes,no,cellular,31,jul,208,2,-1,0,unknown,no
47,management,married,tertiary,no,0,no,no,cellular,27,oct,508,1,-1,0,unknown,yes
42,blue-collar,single,primary,no,92,no,no,cellular,30,jul,86,2,-1,0,unknown,no
56,services,married,secondary,no,22196,yes,no,cellular,21,nov,189,1,-1,0,unknown,no
42,technician,married,secondary,no,2,no,no,unknown,29,may,249,2,-1,0,unknown,no
49,housemaid,married,primary,no,249,yes,no,cellular,21,nov,450,1,-1,0,unknown,no
43,unemployed,single,unknown,no,3274,yes,no,cellular,22,may,680,1,95,1,failure,no
39,services,married,secondary,no,5731,yes,no,unknown,20,may,175,2,-1,0,unknown,no
66,retired,married,primary,no,206,no,no,cellular,9,feb,479,1,-1,0,unknown,yes
30,technician,single,tertiary,no,2325,no,no,cellular,5,apr,270,3,241,4,other,no
38,management,single,tertiary,no,0,no,no,cellular,24,jul,164,1,-1,0,unknown,no
31,blue-collar,married,secondary,no,1664,yes,no,cellular,20,apr,158,1,182,1,success,no
32,technician,married,secondary,no,3333,no,no,cellular,8,aug,50,4,-1,0,unknown,no
48,technician,married,secondary,no,7020,no,no,cellular,6,aug,80,2,-1,0,unknown,no
34,admin.,married,tertiary,no,37,no,no,cellular,6,feb,45,1,-1,0,unknown,no
28,student,single,secondary,no,28,no,no,cellular,29,jan,220,2,-1,0,unknown,no
40,admin.,single,secondary,no,1670,yes,no,unknown,18,jun,161,2,-1,0,unknown,no
36,entrepreneur,married,secondary,no,134,no,no,unknown,20,may,98,1,-1,0,unknown,no
52,retired,married,secondary,no,603,no,yes,unknown,9,jun,79,1,-1,0,unknown,no
46,admin.,married,primary,no,276,yes,yes,unknown,6,may,157,2,-1,0,unknown,no
25,technician,single,secondary,no,2157,yes,no,cellular,21,jul,339,1,-1,0,unknown,no
52,blue-collar,married,secondary,no,161,yes,no,unknown,13,may,274,2,-1,0,unknown,no
40,blue-collar,married,primary,no,3658,yes,no,unknown,14,may,977,1,-1,0,unknown,no
26,management,divorced,tertiary,yes,-402,no,yes,unknown,12,may,127,2,-1,0,unknown,no
26,blue-collar,single,primary,no,3342,yes,no,unknown,4,jun,329,4,-1,0,unknown,no
35,self-employed,single,secondary,no,1732,no,no,telephone,21,nov,1441,3,-1,0,unknown,no
40,admin.,single,secondary,no,263,yes,no,unknown,6,may,231,1,-1,0,unknown,no
31,management,married,tertiary,no,623,yes,no,cellular,13,may,96,2,349,5,failure,no
32,admin.,married,secondary,no,3540,yes,no,cellular,18,may,213,1,178,1,failure,no
33,admin.,married,secondary,no,95,yes,no,cellular,30,apr,335,1,-1,0,unknown,yes
53,services,divorced,secondary,no,765,yes,no,cellular,14,may,959,3,174,7,other,yes
46,technician,divorced,secondary,no,-824,yes,no,cellular,7,aug,429,3,-1,0,unknown,yes
28,management,single,tertiary,no,5549,no,no,cellular,28,jul,383,6,-1,0,unknown,no
31,blue-collar,married,secondary,no,191,yes,no,unknown,2,jun,40,1,-1,0,unknown,no
44,blue-collar,married,primary,no,420,yes,no,unknown,7,may,110,2,-1,0,unknown,no
35,admin.,married,secondary,no,0,no,no,unknown,7,may,326,1,-1,0,unknown,no
50,technician,divorced,unknown,no,2706,yes,no,unknown,28,may,179,3,-1,0,unknown,no
32,technician,married,secondary,yes,4,yes,yes,cellular,25,aug,132,8,-1,0,unknown,no
51,admin.,married,secondary,no,423,yes,yes,cellular,16,oct,95,1,-1,0,unknown,no
51,management,married,tertiary,no,-892,yes,yes,cellular,14,aug,248,2,-1,0,unknown,no
31,blue-collar,married,unknown,no,-120,yes,no,cellular,3,feb,100,3,201,2,failure,no
41,admin.,divorced,secondary,no,-365,yes,no,unknown,28,may,226,10,-1,0,unknown,no
57,technician,married,tertiary,no,27069,no,yes,unknown,20,jun,174,3,-1,0,unknown,no
34,management,single,tertiary,no,8038,yes,no,cellular,20,apr,29,3,152,1,failure,no
47,technician,married,secondary,no,-938,yes,no,unknown,28,may,176,2,-1,0,unknown,no
47,admin.,divorced,secondary,no,1139,yes,no,cellular,11,jul,106,2,-1,0,unknown,no
36,self-employed,married,secondary,no,189,yes,no,cellular,19,nov,136,1,120,1,failure,no
29,housemaid,single,tertiary,no,19,no,no,cellular,5,feb,110,2,64,2,success,yes
39,technician,married,secondary,no,3663,no,no,cellular,11,aug,230,3,-1,0,unknown,no
53,blue-collar,single,unknown,no,0,no,no,unknown,12,may,140,7,-1,0,unknown,no
47,blue-collar,married,secondary,yes,-614,yes,no,unknown,26,may,118,2,-1,0,unknown,no
51,technician,divorced,secondary,no,2323,yes,yes,cellular,18,aug,151,10,-1,0,unknown,no
48,blue-collar,married,secondary,no,425,yes,no,telephone,9,jul,693,2,-1,0,unknown,no
32,technician,married,secondary,no,5122,no,no,cellular,13,aug,31,1,-1,0,unknown,no
36,management,divorced,tertiary,no,608,no,no,cellular,26,aug,125,2,-1,0,unknown,no
50,unknown,married,primary,no,341,yes,yes,cellular,20,apr,670,4,340,2,success,yes
39,admin.,married,secondary,no,607,yes,no,cellular,12,may,454,2,364,3,failure,yes
31,blue-collar,married,secondary,no,1495,yes,yes,unknown,23,may,159,3,-1,0,unknown,no
49,admin.,married,secondary,no,381,no,no,cellular,5,aug,504,2,-1,0,unknown,no
33,unemployed,divorced,secondary,no,385,no,no,telephone,27,aug,29,28,-1,0,unknown,no
26,management,single,tertiary,no,1274,yes,no,cellular,1,jun,190,1,84,1,failure,no
27,blue-collar,married,secondary,no,362,yes,no,unknown,14,may,332,2,-1,0,unknown,no
51,blue-collar,married,primary,no,377,yes,no,telephone,3,feb,143,4,272,1,failure,no
26,admin.,single,secondary,no,802,no,no,cellular,30,jan,77,1,2,2,other,no
45,admin.,married,secondary,no,194,no,no,cellular,31,jul,517,4,-1,0,unknown,no
54,technician,married,secondary,no,-315,no,yes,cellular,10,jul,2029,1,-1,0,unknown,yes
49,technician,married,tertiary,no,1843,yes,no,cellular,25,may,269,1,-1,0,unknown,no
47,technician,married,secondary,no,-9,no,no,cellular,14,aug,457,2,-1,0,unknown,no
42,housemaid,married,primary,no,83,no,yes,cellular,7,aug,184,1,-1,0,unknown,no
50,entrepreneur,married,tertiary,no,433,yes,no,cellular,18,may,47,4,-1,0,unknown,no
37,admin.,married,secondary,no,-107,yes,no,unknown,28,may,158,2,-1,0,unknown,no
54,blue-collar,married,primary,no,4503,no,no,telephone,21,nov,168,3,-1,0,unknown,no
40,services,married,secondary,no,51,yes,no,cellular,11,may,50,1,-1,0,unknown,no
50,services,married,secondary,no,961,no,yes,cellular,14,aug,757,4,-1,0,unknown,no
57,retired,married,secondary,no,49,yes,yes,cellular,25,aug,93,4,-1,0,unknown,no
33,technician,married,secondary,no,3470,no,no,cellular,11,aug,285,2,-1,0,unknown,no
49,technician,married,secondary,no,-147,yes,no,cellular,20,apr,390,1,-1,0,unknown,no
35,services,married,secondary,no,0,yes,no,cellular,18,may,146,2,-1,0,unknown,no
28,blue-collar,single,secondary,no,0,yes,no,unknown,28,may,386,1,-1,0,unknown,no
58,management,married,tertiary,no,172,no,no,cellular,19,aug,145,7,-1,0,unknown,no
31,admin.,single,secondary,no,-407,no,yes,cellular,7,jul,230,1,-1,0,unknown,no
36,management,divorced,tertiary,no,649,no,no,cellular,16,jul,237,2,91,1,failure,no
49,blue-collar,single,primary,no,1040,no,no,cellular,8,jul,474,2,-1,0,unknown,no
30,unemployed,married,secondary,no,142,yes,no,unknown,20,may,350,4,-1,0,unknown,no
29,services,single,secondary,no,209,yes,no,cellular,28,jul,487,7,-1,0,unknown,no
50,management,married,unknown,no,3304,no,no,unknown,5,jun,1009,2,-1,0,unknown,no
26,student,single,tertiary,no,294,no,no,cellular,5,mar,87,1,91,2,success,yes
27,housemaid,married,secondary,no,4848,yes,yes,telephone,23,jul,82,3,-1,0,unknown,no
32,blue-collar,single,secondary,no,1670,yes,no,cellular,18,may,183,1,-1,0,unknown,no
62,unknown,married,secondary,no,367,no,no,telephone,2,mar,139,5,-1,0,unknown,no
34,blue-collar,single,secondary,no,13683,yes,no,unknown,3,jun,115,3,-1,0,unknown,no
25,admin.,single,tertiary,no,1420,no,no,cellular,8,apr,124,2,-1,0,unknown,no
34,management,single,tertiary,no,340,yes,no,unknown,3,jun,633,28,-1,0,unknown,no
44,technician,single,secondary,no,1679,no,no,telephone,20,oct,718,1,-1,0,unknown,yes
38,management,married,tertiary,no,1198,yes,no,cellular,2,feb,63,1,-1,0,unknown,no
57,admin.,married,secondary,no,169,no,no,cellular,14,aug,180,1,106,2,failure,no
36,self-employed,married,tertiary,no,506,no,no,cellular,25,aug,47,1,120,1,failure,no
41,entrepreneur,married,secondary,no,1249,yes,no,cellular,9,jul,391,1,-1,0,unknown,no
36,management,single,tertiary,no,678,no,yes,unknown,4,jul,85,3,-1,0,unknown,no
27,management,single,tertiary,no,212,yes,no,cellular,15,may,373,1,-1,0,unknown,no
37,technician,divorced,secondary,no,23,no,no,cellular,20,aug,289,2,-1,0,unknown,no
47,management,single,tertiary,no,4402,no,no,telephone,10,dec,805,1,190,1,other,yes
31,services,divorced,primary,no,459,yes,no,cellular,7,may,623,1,293,1,success,yes
39,self-employed,married,secondary,no,4722,yes,no,unknown,17,jun,483,1,-1,0,unknown,no
35,admin.,divorced,tertiary,no,1555,yes,no,unknown,9,may,26,2,-1,0,unknown,no
40,blue-collar,married,secondary,no,61,yes,no,unknown,7,may,112,3,-1,0,unknown,no
38,management,single,tertiary,no,0,yes,no,cellular,17,nov,213,2,-1,0,unknown,no
31,technician,married,secondary,no,3706,yes,no,cellular,20,nov,129,1,-1,0,unknown,no
36,blue-collar,married,primary,no,1177,no,no,cellular,15,apr,330,1,311,4,success,yes
53,management,married,primary,no,2096,no,no,unknown,9,jun,104,1,-1,0,unknown,no
59,blue-collar,married,primary,no,748,no,no,unknown,29,may,184,1,-1,0,unknown,no
29,management,single,tertiary,no,3357,no,no,cellular,21,jul,120,3,-1,0,unknown,no
30,admin.,single,secondary,no,3809,yes,no,unknown,3,jun,159,4,-1,0,unknown,no
52,admin.,married,secondary,no,395,yes,no,unknown,15,may,391,3,-1,0,unknown,no
55,blue-collar,married,secondary,no,1011,yes,no,cellular,12,aug,112,2,-1,0,unknown,no
56,blue-collar,married,primary,no,420,yes,no,unknown,9,may,76,1,-1,0,unknown,no
32,admin.,married,secondary,no,76,yes,no,unknown,21,may,189,2,-1,0,unknown,no
24,blue-collar,married,secondary,no,0,no,no,unknown,28,may,94,1,-1,0,unknown,no
51,blue-collar,married,primary,no,844,yes,no,unknown,29,may,184,3,-1,0,unknown,no
36,management,married,tertiary,no,1318,yes,no,cellular,7,aug,100,2,-1,0,unknown,no
36,technician,married,tertiary,no,167,yes,no,cellular,28,jan,57,1,-1,0,unknown,no
42,management,married,tertiary,no,2187,yes,no,cellular,17,nov,525,3,-1,0,unknown,yes
49,admin.,married,secondary,no,14440,yes,no,cellular,21,nov,60,1,-1,0,unknown,no
48,management,married,secondary,no,2294,yes,no,unknown,26,may,251,11,-1,0,unknown,no
36,management,married,secondary,no,80,yes,no,unknown,30,may,251,3,-1,0,unknown,no
48,management,married,primary,no,2537,no,no,cellular,26,aug,219,6,-1,0,unknown,no
30,technician,married,tertiary,no,569,no,no,cellular,27,aug,976,12,-1,0,unknown,yes
27,management,single,tertiary,yes,0,no,yes,cellular,8,jul,46,1,-1,0,unknown,no
38,entrepreneur,married,tertiary,no,0,yes,no,cellular,18,nov,185,3,-1,0,unknown,no
36,technician,single,secondary,yes,12,no,no,cellular,12,aug,587,2,-1,0,unknown,yes
45,technician,married,secondary,no,49,no,no,cellular,29,jul,65,2,-1,0,unknown,no
44,housemaid,married,tertiary,no,460,no,no,unknown,17,jun,491,1,-1,0,unknown,no
42,technician,married,secondary,no,613,yes,no,cellular,11,may,432,2,-1,0,unknown,no
37,entrepreneur,married,tertiary,no,7944,no,no,cellular,21,nov,102,1,-1,0,unknown,no
48,blue-collar,married,secondary,no,1143,yes,no,cellular,17,apr,264,1,317,1,failure,no
57,retired,married,primary,no,-464,yes,no,cellular,4,feb,75,1,190,6,failure,no
44,services,married,secondary,no,1989,yes,yes,cellular,20,apr,106,2,-1,0,unknown,no
48,technician,married,secondary,no,17,yes,yes,cellular,17,nov,81,1,-1,0,unknown,no
56,retired,married,primary,no,-1,no,no,cellular,27,aug,89,23,-1,0,unknown,no
37,management,married,tertiary,no,1698,yes,no,unknown,6,jun,95,2,-1,0,unknown,no
47,blue-collar,married,secondary,no,5306,yes,no,unknown,15,may,322,1,-1,0,unknown,no
54,housemaid,married,unknown,no,0,no,no,cellular,14,apr,94,5,145,3,other,no
51,retired,divorced,secondary,no,1679,no,no,cellular,12,aug,417,1,365,9,other,yes
47,admin.,married,secondary,no,3676,no,no,cellular,18,oct,567,1,95,3,success,yes
25,management,married,tertiary,no,-242,yes,yes,cellular,18,may,600,4,332,4,other,yes
39,services,single,secondary,no,471,no,no,unknown,15,oct,5,1,-1,0,unknown,no
40,management,married,tertiary,no,8902,yes,no,cellular,14,aug,464,5,-1,0,unknown,no
38,management,single,tertiary,no,1704,no,no,cellular,1,sep,222,1,-1,0,unknown,no
34,management,married,tertiary,no,3050,yes,no,cellular,13,may,469,1,-1,0,unknown,yes
53,housemaid,married,primary,no,2581,no,no,cellular,15,apr,99,1,-1,0,unknown,no
32,services,married,secondary,no,162,yes,no,unknown,14,may,297,2,-1,0,unknown,no
35,blue-collar,married,secondary,no,243,yes,no,cellular,20,apr,41,3,-1,0,unknown,no
24,student,single,secondary,no,1847,no,no,cellular,9,dec,390,1,-1,0,unknown,no
58,blue-collar,married,primary,no,0,yes,no,unknown,29,may,535,2,-1,0,unknown,no
49,management,married,primary,no,3371,no,no,cellular,11,nov,269,2,-1,0,unknown,yes
45,services,single,secondary,no,1757,yes,no,cellular,20,apr,1010,3,326,1,other,no
55,management,married,tertiary,no,171,yes,no,cellular,8,aug,73,6,-1,0,unknown,no
42,entrepreneur,married,tertiary,no,157,yes,yes,unknown,7,may,650,1,-1,0,unknown,no
28,admin.,married,secondary,no,934,yes,no,unknown,4,jul,53,2,-1,0,unknown,no
48,blue-collar,married,secondary,no,-19,no,yes,unknown,4,jul,270,1,-1,0,unknown,no
51,management,single,tertiary,yes,-55,yes,no,cellular,18,aug,119,6,-1,0,unknown,no
38,housemaid,married,primary,no,21,no,no,cellular,26,aug,634,2,-1,0,unknown,no
27,blue-collar,single,secondary,no,14,no,no,unknown,14,may,72,2,-1,0,unknown,no
50,technician,single,secondary,no,246,yes,no,cellular,17,nov,270,1,123,2,failure,no
44,blue-collar,married,primary,no,887,yes,no,cellular,12,may,165,2,363,1,failure,no
40,management,married,tertiary,no,51,no,no,cellular,19,aug,164,2,-1,0,unknown,no
29,services,single,secondary,no,-287,yes,no,cellular,18,may,196,1,-1,0,unknown,no
34,services,married,secondary,no,0,yes,no,cellular,14,jul,78,4,-1,0,unknown,no
44,self-employed,single,tertiary,no,2734,yes,no,cellular,12,may,897,4,-1,0,unknown,yes
50,entrepreneur,married,tertiary,no,52,no,no,cellular,31,jul,22,8,-1,0,unknown,no
34,management,married,tertiary,no,2594,yes,no,cellular,21,nov,161,3,-1,0,unknown,no
54,retired,divorced,primary,no,22,no,no,unknown,20,jun,23,4,-1,0,unknown,no
34,technician,married,tertiary,no,1611,yes,no,cellular,11,may,490,2,-1,0,unknown,no
34,admin.,single,tertiary,no,18,yes,yes,cellular,30,apr,359,1,-1,0,unknown,yes
52,blue-collar,married,primary,no,1331,yes,no,cellular,29,jul,213,2,-1,0,unknown,no
60,unknown,married,unknown,no,7337,no,no,cellular,4,aug,122,1,-1,0,unknown,no
39,management,single,secondary,no,835,yes,no,unknown,29,may,587,4,-1,0,unknown,no
58,retired,married,primary,no,5092,no,no,unknown,11,jun,199,6,-1,0,unknown,no
41,technician,divorced,secondary,no,52,no,no,cellular,20,aug,261,2,-1,0,unknown,no
48,technician,married,secondary,no,10655,no,no,telephone,31,jul,5,3,-1,0,unknown,no
58,management,married,tertiary,no,1831,no,no,cellular,17,nov,1531,1,-1,0,unknown,no
40,self-employed,married,primary,no,92,yes,no,unknown,13,may,92,1,-1,0,unknown,no
48,management,married,tertiary,no,586,yes,yes,cellular,6,may,179,2,-1,0,unknown,no
52,blue-collar,divorced,primary,no,1758,yes,no,unknown,15,may,41,1,-1,0,unknown,no
50,self-employed,married,secondary,no,2061,yes,yes,cellular,29,jan,197,2,244,3,failure,no
25,technician,single,secondary,no,959,no,no,cellular,9,jul,144,5,-1,0,unknown,no
54,retired,married,primary,no,208,no,no,unknown,12,may,255,1,-1,0,unknown,no
34,services,married,secondary,no,-315,yes,no,unknown,8,may,56,2,-1,0,unknown,no
48,management,married,tertiary,yes,-13,yes,no,cellular,15,may,20,6,291,2,other,no
37,admin.,married,tertiary,no,801,no,no,cellular,11,aug,331,7,-1,0,unknown,no
66,retired,married,tertiary,no,1948,no,no,cellular,28,jan,216,1,91,4,success,yes
32,management,single,tertiary,no,751,yes,no,unknown,8,may,64,1,-1,0,unknown,no
45,blue-collar,married,secondary,no,784,yes,yes,unknown,3,jun,34,1,-1,0,unknown,no
43,blue-collar,single,secondary,no,24,no,no,cellular,12,may,68,1,363,1,failure,no
41,management,married,tertiary,no,72,yes,no,unknown,7,may,764,3,-1,0,unknown,no
40,technician,divorced,tertiary,no,1871,yes,no,cellular,17,nov,64,1,-1,0,unknown,no
44,services,single,secondary,no,1378,yes,no,unknown,8,may,257,2,-1,0,unknown,no
43,blue-collar,married,primary,no,188,yes,no,cellular,12,may,58,3,347,5,failure,no
30,unknown,single,tertiary,no,6836,no,no,cellular,27,feb,30,3,-1,0,unknown,no
32,services,married,secondary,no,61,yes,no,cellular,8,jul,529,5,-1,0,unknown,no
57,admin.,married,secondary,no,-967,yes,no,telephone,15,may,8,7,-1,0,unknown,no
31,blue-collar,single,tertiary,no,462,yes,yes,unknown,19,may,147,1,-1,0,unknown,no
49,unknown,married,secondary,no,0,no,no,cellular,28,aug,173,2,-1,0,unknown,no
31,admin.,single,secondary,no,5527,yes,no,unknown,21,may,132,1,-1,0,unknown,no
41,admin.,married,tertiary,no,1287,no,no,unknown,16,jun,286,1,-1,0,unknown,no
44,management,married,tertiary,no,17361,no,no,unknown,18,jun,476,1,-1,0,unknown,no
54,entrepreneur,married,unknown,no,1956,no,no,cellular,19,nov,221,5,-1,0,unknown,no
37,blue-collar,divorced,secondary,no,0,yes,no,cellular,21,apr,146,4,-1,0,unknown,yes
34,management,married,secondary,no,-294,yes,no,unknown,27,may,532,2,-1,0,unknown,no
43,technician,married,secondary,no,275,no,no,cellular,25,aug,69,6,-1,0,unknown,no
44,management,married,tertiary,no,724,yes,no,cellular,17,nov,157,2,172,1,failure,no
44,services,married,secondary,no,27,no,no,cellular,25,may,485,1,-1,0,unknown,no
