38,management,single,tertiary,no,427,yes,no,cellular,6,may,17,3,169,2,failure,no,0.427
50,management,married,tertiary,no,78,yes,no,cellular,14,jan,218,3,161,9,other,no,0.078
39,management,married,tertiary,no,562,no,no,cellular,13,sep,303,2,-1,0,unknown,no,0.562
41,management,married,tertiary,no,10758,yes,no,cellular,1,jun,288,1,-1,0,unknown,no,10.758
49,technician,married,tertiary,no,3726,no,no,cellular,5,aug,875,2,-1,0,unknown,yes,3.726
31,management,married,tertiary,no,4945,no,no,cellular,11,aug,445,1,-1,0,unknown,no,4.945
37,management,married,tertiary,no,238,no,no,cellular,3,feb,185,1,92,1,success,yes,0.238
60,retired,married,primary,no,0,no,no,telephone,30,jul,130,3,-1,0,unknown,no,0.0
31,blue-collar,married,secondary,no,79,yes,yes,cellular,23,jul,235,11,-1,0,unknown,no,0.079
39,technician,single,tertiary,no,1043,no,no,cellular,18,aug,195,10,-1,0,unknown,no,1.043
43,blue-collar,married,secondary,no,-179,yes,no,cellular,30,jul,335,6,-1,0,unknown,no,-0.179
31,services,married,secondary,no,-331,yes,no,unknown,23,may,203,5,-1,0,unknown,no,-0.331
33,technician,married,secondary,no,9305,yes,no,cellular,17,apr,407,2,-1,0,unknown,no,9.305
54,unknown,married,secondary,no,1157,no,no,cellular,26,may,98,2,-1,0,unknown,no,1.157
46,blue-collar,married,secondary,no,781,no,no,unknown,13,may,152,1,-1,0,unknown,no,0.781
32,blue-collar,married,secondary,no,34,yes,no,cellular,5,may,321,2,-1,0,unknown,no,0.034
30,management,married,secondary,no,-559,yes,yes,cellular,7,may,98,1,167,2,failure,no,-0.559
41,management,divorced,tertiary,no,3355,no,no,cellular,14,oct,181,2,500,1,failure,no,3.355
35,housemaid,divorced,secondary,no,39,no,no,cellular,31,jul,149,2,-1,0,unknown,no,0.039
55,housemaid,married,primary,no,136,yes,no,unknown,19,jun,15,10,-1,0,unknown,no,0.136
33,management,married,tertiary,no,4,yes,no,cellular,16,jul,285,5,-1,0,unknown,no,0.004
46,blue-collar,married,primary,no,2904,no,no,cellular,20,apr,277,2,-1,0,unknown,no,2.904
30,management,single,tertiary,no,7845,yes,no,unknown,3,jun,59,1,-1,0,unknown,no,7.845
43,management,single,secondary,no,1029,yes,no,unknown,2,jun,145,1,-1,0,unknown,no,1.029
37,technician,single,unknown,no,391,yes,no,unknown,8,may,103,3,-1,0,unknown,no,0.391
42,blue-collar,married,primary,no,505,yes,no,unknown,14,may,521,2,-1,0,unknown,no,0.505
71,retired,married,secondary,no,2850,no,no,cellular,17,feb,185,1,-1,0,unknown,yes,2.85
32,admin.,single,secondary,no,10218,yes,no,cellular,19,nov,149,2,-1,0,unknown,no,10.218
45,admin.,married,secondary,no,5346,yes,yes,unknown,21,oct,187,1,-1,0,unknown,yes,5.346
52,retired,single,secondary,no,316,no,no,cellular,12,may,463,3,-1,0,unknown,no,0.316
38,management,single,tertiary,no,16957,yes,no,telephone,29,jan,208,1,247,2,failure,no,16.957
41,admin.,married,secondary,no,920,yes,yes,unknown,27,may,239,1,-1,0,unknown,no,0.92
35,technician,single,secondary,no,450,yes,no,cellular,13,may,63,1,-1,0,unknown,no,0.45
60,retired,married,secondary,no,262,no,no,cellular,18,aug,393,4,-1,0,unknown,no,0.262
35,admin.,married,secondary,yes,0,no,yes,unknown,4,jul,105,3,-1,0,unknown,no,0.0
30,blue-collar,single,secondary,no,445,yes,no,cellular,16,apr,218,1,330,2,failure,no,0.445
32,blue-collar,divorced,secondary,no,0,yes,no,unknown,2,jun,746,2,-1,0,unknown,no,0.0
27,student,single,tertiary,no,3733,yes,no,cellular,22,may,198,1,98,6,success,yes,3.733
31,technician,single,secondary,no,2305,no,no,cellular,4,aug,139,1,-1,0,unknown,no,2.305
53,entrepreneur,married,secondary,no,-118,yes,no,unknown,9,may,101,3,-1,0,unknown,no,-0.118
60,technician,single,tertiary,no,2934,no,no,cellular,8,aug,233,2,-1,0,unknown,no,2.934
60,services,married,tertiary,no,4256,yes,no,cellular,16,aug,239,3,761,1,other,yes,4.256
39,technician,married,tertiary,no,-276,no,yes,cellular,11,aug,121,4,-1,0,unknown,no,-0.276
53,management,married,primary,no,2096,no,no,unknown,9,jun,104,1,-1,0,unknown,no,2.096
32,management,single,tertiary,no,697,no,no,cellular,7,aug,119,1,99,3,failure,no,0.697
39,services,married,secondary,no,247,yes,no,cellular,17,apr,244,2,-1,0,unknown,no,0.247
31,blue-collar,single,primary,no,-495,yes,no,unknown,29,may,334,2,-1,0,unknown,no,-0.495
50,management,married,tertiary,no,3463,no,yes,cellular,28,oct,96,1,-1,0,unknown,yes,3.463
37,blue-collar,married,secondary,no,140,yes,yes,cellular,7,may,490,1,-1,0,unknown,no,0.14
33,blue-collar,married,primary,no,3704,yes,no,unknown,6,jun,447,2,-1,0,unknown,no,3.704
36,services,married,secondary,no,1746,yes,no,cellular,7,apr,15,1,316,1,failure,no,1.746
39,services,single,secondary,no,471,no,no,unknown,15,oct,5,1,-1,0,unknown,no,0.471
49,blue-collar,divorced,primary,no,15,yes,no,unknown,27,may,550,7,-1,0,unknown,no,0.015
37,management,single,unknown,no,715,yes,no,unknown,20,may,247,2,-1,0,unknown,no,0.715
36,blue-collar,single,primary,no,367,no,no,cellular,2,feb,217,1,221,1,failure,no,0.367
34,services,married,secondary,no,1076,no,no,cellular,12,may,152,1,182,6,success,yes,1.076
49,management,married,tertiary,no,852,yes,no,cellular,20,nov,408,1,-1,0,unknown,no,0.852
39,services,married,secondary,no,0,yes,no,cellular,8,may,503,1,-1,0,unknown,no,0.0
31,admin.,single,secondary,no,757,no,no,cellular,3,feb,343,2,-1,0,unknown,no,0.757
45,admin.,married,secondary,no,194,no,no,cellular,31,jul,517,4,-1,0,unknown,no,0.194
52,technician,single,tertiary,no,1308,yes,no,unknown,29,may,361,1,-1,0,unknown,no,1.308
41,blue-collar,married,secondary,no,-256,yes,no,unknown,3,jun,147,2,-1,0,unknown,no,-0.256
51,technician,married,secondary,no,117,no,no,cellular,24,aug,467,2,88,4,other,yes,0.117
72,retired,married,primary,no,796,no,no,cellular,24,apr,173,2,-1,0,unknown,no,0.796
43,management,single,secondary,yes,-1164,yes,yes,cellular,18,jul,76,4,-1,0,unknown,no,-1.164
34,admin.,single,secondary,no,663,yes,no,cellular,20,apr,111,1,-1,0,unknown,no,0.663
63,entrepreneur,married,secondary,no,3904,no,no,telephone,4,aug,250,2,187,2,success,yes,3.904
32,admin.,married,secondary,no,76,yes,no,unknown,21,may,189,2,-1,0,unknown,no,0.076
36,technician,married,tertiary,no,1327,no,no,cellular,29,oct,174,2,-1,0,unknown,no,1.327
57,retired,married,secondary,no,1044,no,no,telephone,11,jan,585,1,192,2,success,yes,1.044
27,management,single,tertiary,no,390,no,no,cellular,28,oct,190,1,82,1,success,no,0.39
45,blue-collar,married,secondary,no,115,no,no,cellular,11,aug,209,4,-1,0,unknown,no,0.115
23,admin.,single,secondary,no,5,no,no,unknown,12,may,413,1,-1,0,unknown,no,0.005
36,blue-collar,married,secondary,no,198,yes,no,unknown,9,may,400,2,-1,0,unknown,no,0.198
38,services,married,secondary,no,434,yes,no,unknown,20,may,411,1,-1,0,unknown,no,0.434
37,blue-collar,married,secondary,no,132,no,no,unknown,27,may,336,2,-1,0,unknown,no,0.132
42,blue-collar,married,primary,no,7041,yes,no,cellular,28,jul,386,4,-1,0,unknown,no,7.041
59,retired,married,secondary,no,163,no,no,cellular,24,jul,464,1,-1,0,unknown,no,0.163
38,technician,married,secondary,no,7696,yes,no,cellular,20,nov,386,2,-1,0,unknown,no,7.696
28,technician,single,secondary,no,389,yes,no,cellular,11,may,15,7,-1,0,unknown,no,0.389
48,technician,divorced,tertiary,no,113,no,yes,cellular,22,jul,38,1,-1,0,unknown,no,0.113
56,management,married,tertiary,no,334,yes,no,unknown,15,may,127,2,-1,0,unknown,no,0.334
40,management,married,tertiary,no,10786,no,no,unknown,20,jun,111,3,-1,0,unknown,no,10.786
33,services,married,primary,no,6904,no,no,telephone,20,nov,114,2,-1,0,unknown,no,6.904
36,management,married,tertiary,no,27359,yes,no,unknown,3,jun,71,2,-1,0,unknown,no,27.359
61,self-employed,divorced,tertiary,no,6610,no,no,cellular,24,feb,481,2,-1,0,unknown,yes,6.61
48,management,married,tertiary,no,5057,no,yes,cellular,19,nov,37,1,-1,0,unknown,no,5.057
48,technician,married,tertiary,no,0,no,no,telephone,26,aug,176,15,-1,0,unknown,no,0.0
48,technician,married,secondary,no,178,yes,no,unknown,17,jun,320,4,-1,0,unknown,no,0.178
46,management,married,secondary,no,12186,no,no,unknown,20,jun,29,3,-1,0,unknown,no,12.186
57,self-employed,married,secondary,no,11494,no,no,cellular,19,nov,198,1,-1,0,unknown,no,11.494
33,blue-collar,divorced,secondary,no,-131,yes,no,unknown,16,may,145,1,-1,0,unknown,no,-0.131
46,management,divorced,tertiary,no,25,no,no,unknown,17,jun,564,2,-1,0,unknown,no,0.025
37,blue-collar,married,primary,no,190,yes,yes,unknown,8,may,194,1,-1,0,unknown,no,0.19
37,management,divorced,tertiary,no,0,yes,no,cellular,11,may,217,6,-1,0,unknown,no,0.0
31,blue-collar,married,secondary,no,472,yes,no,unknown,13,may,907,2,-1,0,unknown,no,0.472
41,entrepreneur,married,secondary,no,1249,yes,no,cellular,9,jul,391,1,-1,0,unknown,no,1.249
41,unemployed,married,primary,no,819,no,no,cellular,9,feb,244,3,-1,0,unknown,no,0.819
50,technician,married,secondary,no,841,yes,no,unknown,29,may,54,2,-1,0,unknown,no,0.841
35,blue-collar,married,primary,no,422,yes,no,cellular,14,may,73,1,-1,0,unknown,no,0.422
39,entrepreneur,married,tertiary,no,2644,yes,no,unknown,20,may,253,1,-1,0,unknown,no,2.644
33,management,single,tertiary,no,335,no,no,cellular,29,aug,130,4,-1,0,unknown,no,0.335
44,management,married,tertiary,no,795,no,no,cellular,28,aug,99,24,-1,0,unknown,no,0.795
28,blue-collar,married,secondary,no,131,yes,no,unknown,12,may,147,5,-1,0,unknown,no,0.131
60,retired,married,primary,no,71188,no,no,cellular,6,oct,205,1,-1,0,unknown,no,71.188
38,management,single,tertiary,no,1373,no,no,cellular,22,oct,119,4,-1,0,unknown,no,1.373
37,blue-collar,married,primary,no,403,yes,no,cellular,8,may,318,2,338,1,success,no,0.403
27,technician,single,secondary,no,842,no,no,cellular,30,jul,273,1,91,1,other,no,0.842
32,management,single,tertiary,no,131,no,no,unknown,3,jun,267,3,-1,0,unknown,no,0.131
38,admin.,married,secondary,no,46,yes,yes,unknown,6,may,195,1,-1,0,unknown,no,0.046
39,management,married,tertiary,no,-606,yes,no,unknown,26,may,142,1,-1,0,unknown,no,-0.606
28,technician,single,tertiary,no,172,yes,yes,cellular,2,feb,194,2,-1,0,unknown,no,0.172
32,technician,single,tertiary,no,5514,no,no,cellular,22,apr,319,1,182,1,success,yes,5.514
59,retired,married,secondary,no,9976,yes,no,unknown,29,may,57,2,-1,0,unknown,no,9.976
35,self-employed,married,secondary,no,670,no,no,cellular,9,jul,378,1,-1,0,unknown,no,0.67
39,blue-collar,married,primary,no,52,no,no,cellular,13,aug,69,1,-1,0,unknown,no,0.052
26,blue-collar,single,secondary,no,592,yes,yes,unknown,27,may,174,1,-1,0,unknown,no,0.592
80,retired,married,primary,no,1548,no,no,cellular,6,aug,331,2,-1,0,unknown,no,1.548
27,management,married,tertiary,no,802,no,no,cellular,22,sep,569,1,-1,0,unknown,yes,0.802
58,management,married,secondary,no,407,yes,no,cellular,29,jul,145,2,-1,0,unknown,no,0.407
24,management,single,tertiary,no,172,no,no,cellular,3,jul,67,2,-1,0,unknown,no,0.172
76,retired,married,primary,no,2590,no,no,telephone,9,feb,68,12,-1,0,unknown,no,2.59
34,management,married,tertiary,no,436,yes,no,cellular,17,apr,28,1,345,1,failure,no,0.436
43,unknown,single,unknown,no,181,no,no,telephone,28,jan,41,1,-1,0,unknown,no,0.181
76,retired,divorced,primary,no,86,no,no,cellular,12,aug,192,1,-1,0,unknown,no,0.086
51,management,married,secondary,no,3180,yes,no,cellular,9,jul,384,1,-1,0,unknown,no,3.18
28,blue-collar,single,secondary,no,2700,no,no,cellular,3,feb,337,4,-1,0,unknown,no,2.7
37,technician,single,secondary,no,0,no,no,cellular,4,aug,69,2,-1,0,unknown,no,0.0
46,blue-collar,married,secondary,no,-216,yes,no,cellular,28,jul,404,3,-1,0,unknown,no,-0.216
38,services,married,secondary,no,8876,no,no,cellular,2,feb,280,1,75,1,failure,no,8.876
57,services,married,secondary,no,162,yes,no,unknown,5,may,174,1,-1,0,unknown,no,0.162
25,blue-collar,single,secondary,no,913,yes,no,cellular,7,jul,113,4,-1,0,unknown,no,0.913
40,self-employed,married,primary,no,92,yes,no,unknown,13,may,92,1,-1,0,unknown,no,0.092
40,admin.,single,secondary,no,-1,no,no,cellular,7,jul,173,1,-1,0,unknown,no,-0.001
57,admin.,divorced,unknown,no,4012,no,no,cellular,20,nov,915,1,-1,0,unknown,no,4.012
54,blue-collar,married,secondary,no,2059,yes,no,cellular,25,aug,177,4,-1,0,unknown,no,2.059
54,blue-collar,married,unknown,no,310,yes,no,telephone,28,jan,526,4,258,3,other,no,0.31
28,management,married,tertiary,no,3694,no,yes,cellular,8,jul,70,2,-1,0,unknown,no,3.694
37,management,married,tertiary,no,3288,no,no,cellular,8,aug,124,2,-1,0,unknown,no,3.288
30,admin.,single,secondary,no,105,yes,no,cellular,21,nov,75,1,-1,0,unknown,no,0.105
33,blue-collar,married,primary,no,1209,yes,no,cellular,16,apr,700,1,-1,0,unknown,no,1.209
31,technician,married,tertiary,no,636,yes,no,cellular,4,may,352,4,-1,0,unknown,yes,0.636
66,retired,married,secondary,no,4785,no,no,cellular,13,aug,72,3,-1,0,unknown,no,4.785
57,management,married,tertiary,no,1602,no,no,cellular,29,jul,339,3,-1,0,unknown,no,1.602
75,retired,married,secondary,no,3771,no,no,telephone,15,apr,185,1,181,2,success,yes,3.771
32,technician,married,tertiary,no,396,yes,no,cellular,13,may,205,3,-1,0,unknown,no,0.396
49,management,divorced,tertiary,no,755,no,no,cellular,31,jul,1212,4,-1,0,unknown,yes,0.755
35,blue-collar,married,secondary,no,444,yes,no,cellular,15,apr,244,3,-1,0,unknown,no,0.444
26,admin.,single,secondary,no,236,yes,yes,cellular,18,may,8,2,-1,0,unknown,no,0.236
38,management,married,tertiary,no,12877,no,no,unknown,17,jun,118,3,-1,0,unknown,no,12.877
49,self-employed,married,secondary,no,2576,yes,no,cellular,15,may,64,6,-1,0,unknown,no,2.576
49,services,married,tertiary,no,306,yes,no,cellular,18,aug,285,7,-1,0,unknown,no,0.306
34,management,married,tertiary,no,417,yes,no,cellular,18,nov,138,1,-1,0,unknown,no,0.417
79,retired,married,primary,no,8556,no,no,telephone,18,jan,326,2,272,2,success,yes,8.556
59,retired,divorced,secondary,no,319,no,no,cellular,24,jul,129,1,-1,0,unknown,no,0.319
36,entrepreneur,married,secondary,no,134,no,no,unknown,20,may,98,1,-1,0,unknown,no,0.134
45,technician,married,secondary,no,115,yes,no,cellular,6,may,108,1,-1,0,unknown,no,0.115
26,entrepreneur,single,tertiary,no,81,no,no,cellular,21,jul,262,3,-1,0,unknown,no,0.081
36,management,married,tertiary,no,1133,yes,no,cellular,4,aug,293,1,181,2,other,yes,1.133
39,management,married,secondary,no,1072,yes,no,unknown,27,may,1168,2,-1,0,unknown,no,1.072
28,technician,single,tertiary,no,0,yes,no,unknown,4,jun,205,6,-1,0,unknown,no,0.0
37,blue-collar,married,secondary,no,67,no,no,unknown,3,jun,45,2,-1,0,unknown,no,0.067
42,blue-collar,married,secondary,no,3052,yes,no,unknown,27,may,32,1,-1,0,unknown,no,3.052
45,blue-collar,married,secondary,no,776,yes,no,cellular,6,feb,232,4,253,1,failure,no,0.776
38,management,married,tertiary,no,223,no,no,cellular,28,jan,63,1,-1,0,unknown,no,0.223
52,management,divorced,tertiary,no,907,yes,no,unknown,4,jun,104,2,-1,0,unknown,no,0.907
25,admin.,married,secondary,no,894,yes,no,unknown,28,may,328,1,-1,0,unknown,no,0.894
29,entrepreneur,married,secondary,no,452,yes,no,unknown,27,may,347,1,-1,0,unknown,no,0.452
35,management,married,tertiary,no,317,yes,no,unknown,23,may,162,3,-1,0,unknown,no,0.317
37,entrepreneur,married,tertiary,no,4798,yes,no,unknown,20,may,156,2,-1,0,unknown,no,4.798
31,blue-collar,married,secondary,no,0,yes,no,unknown,5,may,143,1,-1,0,unknown,no,0.0
64,management,married,tertiary,no,679,no,no,telephone,22,apr,135,3,-1,0,unknown,no,0.679
40,blue-collar,married,primary,no,98,yes,no,unknown,2,jun,193,5,-1,0,unknown,no,0.098
49,unemployed,married,primary,no,-384,yes,no,unknown,27,may,25,1,-1,0,unknown,no,-0.384
33,technician,single,tertiary,no,125,no,no,telephone,29,aug,66,2,-1,0,unknown,no,0.125
28,management,single,tertiary,no,80,no,no,cellular,20,oct,676,2,146,2,failure,yes,0.08
30,services,single,primary,no,79,yes,no,cellular,15,may,317,1,-1,0,unknown,no,0.079
42,management,single,tertiary,no,100,no,no,cellular,7,aug,64,2,-1,0,unknown,no,0.1
45,admin.,married,primary,no,542,no,no,cellular,11,may,8,5,350,3,other,no,0.542
41,technician,married,secondary,no,902,no,no,unknown,16,jun,35,6,-1,0,unknown,no,0.902
34,management,married,tertiary,no,1518,yes,no,cellular,20,nov,128,2,-1,0,unknown,no,1.518
50,management,divorced,tertiary,no,100,yes,yes,cellular,13,may,157,1,299,3,failure,no,0.1
32,blue-collar,married,secondary,no,-63,yes,no,unknown,30,may,198,1,-1,0,unknown,no,-0.063
57,management,married,tertiary,no,3250,no,no,cellular,20,aug,162,3,-1,0,unknown,no,3.25
34,technician,single,secondary,no,2178,yes,no,cellular,26,may,41,1,-1,0,unknown,no,2.178
50,management,married,tertiary,no,85,no,yes,cellular,1,jun,141,1,-1,0,unknown,no,0.085
31,management,married,tertiary,no,8312,no,no,cellular,29,aug,43,13,-1,0,unknown,no,8.312
47,technician,married,secondary,no,72,no,no,unknown,29,may,278,1,-1,0,unknown,no,0.072
51,technician,married,secondary,no,143,yes,no,unknown,16,may,627,1,-1,0,unknown,no,0.143
35,housemaid,married,primary,no,0,yes,no,cellular,14,jul,340,3,-1,0,unknown,no,0.0
41,services,divorced,secondary,no,654,yes,no,cellular,13,may,139,2,-1,0,unknown,no,0.654
30,technician,single,secondary,no,175,no,no,cellular,25,aug,167,4,-1,0,unknown,no,0.175
47,management,married,tertiary,no,286,no,no,cellular,22,aug,557,7,-1,0,unknown,no,0.286
60,self-employed,single,secondary,no,27,no,no,cellular,22,aug,40,2,-1,0,unknown,no,0.027
50,blue-collar,divorced,primary,no,1545,yes,no,cellular,20,nov,25,1,-1,0,unknown,no,1.545
35,admin.,married,secondary,no,0,yes,no,cellular,7,may,121,2,-1,0,unknown,no,0.0
30,technician,single,tertiary,no,6619,yes,no,cellular,21,aug,239,8,-1,0,unknown,no,6.619
44,unemployed,single,primary,no,4232,no,no,unknown,16,jun,227,1,-1,0,unknown,no,4.232
49,blue-collar,married,unknown,no,51,yes,no,unknown,7,may,984,1,-1,0,unknown,no,0.051
33,management,single,tertiary,no,349,no,no,cellular,22,aug,182,1,-1,0,unknown,no,0.349
31,technician,single,secondary,yes,25,no,no,cellular,2,feb,381,1,-1,0,unknown,no,0.025
34,management,married,tertiary,no,4831,yes,no,cellular,4,feb,265,1,-1,0,unknown,no,4.831
59,management,married,unknown,no,3534,no,no,cellular,21,nov,216,4,-1,0,unknown,no,3.534
36,technician,married,secondary,no,2394,no,no,cellular,14,aug,184,2,-1,0,unknown,no,2.394
44,blue-collar,married,primary,no,10,yes,no,cellular,17,jul,196,1,-1,0,unknown,no,0.01
54,services,married,secondary,no,-22,no,yes,cellular,9,jul,85,1,-1,0,unknown,no,-0.022
38,services,married,secondary,no,-762,yes,yes,unknown,30,may,408,2,-1,0,unknown,no,-0.762
40,management,single,unknown,no,838,yes,no,unknown,12,may,619,3,-1,0,unknown,no,0.838
49,blue-collar,divorced,unknown,no,39,yes,no,cellular,13,may,27,5,-1,0,unknown,no,0.039
26,blue-collar,single,primary,no,-887,yes,no,cellular,18,may,827,2,-1,0,unknown,yes,-0.887
31,management,single,tertiary,no,1494,no,no,cellular,13,aug,275,12,-1,0,unknown,no,1.494
48,entrepreneur,married,secondary,no,725,no,yes,cellular,10,jul,105,1,-1,0,unknown,no,0.725
57,management,married,primary,no,1052,yes,no,unknown,13,may,227,4,-1,0,unknown,no,1.052
38,management,single,tertiary,no,11971,yes,no,unknown,17,nov,609,2,101,3,failure,no,11.971
43,management,married,primary,no,8167,yes,no,unknown,19,may,114,2,-1,0,unknown,no,8.167
34,management,single,tertiary,no,84,no,no,cellular,5,feb,231,1,-1,0,unknown,no,0.084
32,blue-collar,single,secondary,no,2285,yes,no,unknown,14,may,413,2,-1,0,unknown,no,2.285
34,blue-collar,married,secondary,no,518,yes,no,cellular,11,may,206,1,-1,0,unknown,no,0.518
51,housemaid,married,primary,no,492,yes,no,unknown,20,may,142,3,-1,0,unknown,no,0.492
36,technician,divorced,tertiary,no,1174,yes,no,cellular,18,nov,192,2,-1,0,unknown,no,1.174
37,unemployed,single,tertiary,yes,0,yes,no,cellular,10,jul,108,1,-1,0,unknown,no,0.0
32,management,married,tertiary,no,5878,no,no,cellular,19,aug,159,2,-1,0,unknown,no,5.878
36,admin.,divorced,secondary,no,356,yes,no,cellular,7,apr,244,3,313,1,failure,no,0.356
60,blue-collar,married,secondary,no,1801,no,no,telephone,29,oct,167,1,-1,0,unknown,no,1.801
40,services,divorced,secondary,no,1959,yes,no,unknown,30,may,177,1,-1,0,unknown,no,1.959
56,admin.,divorced,secondary,no,985,no,yes,cellular,18,aug,150,2,-1,0,unknown,no,0.985
58,management,single,tertiary,no,2,yes,no,telephone,11,may,168,3,-1,0,unknown,no,0.002
29,blue-collar,married,secondary,no,424,yes,yes,unknown,14,may,241,2,-1,0,unknown,no,0.424
40,services,married,secondary,no,771,yes,no,cellular,15,may,173,4,-1,0,unknown,no,0.771
31,self-employed,single,secondary,no,1086,no,no,cellular,20,nov,410,1,-1,0,unknown,no,1.086
23,services,single,secondary,no,500,yes,no,unknown,4,jun,111,3,-1,0,unknown,no,0.5
34,technician,married,tertiary,no,544,yes,yes,cellular,18,nov,58,2,-1,0,unknown,no,0.544
27,admin.,married,secondary,yes,-517,yes,no,cellular,14,jul,172,3,-1,0,unknown,no,-0.517
52,admin.,married,secondary,no,199,no,no,cellular,28,jan,978,2,189,1,other,no,0.199
53,technician,married,tertiary,no,3177,no,no,cellular,8,aug,92,2,-1,0,unknown,no,3.177
47,services,single,secondary,no,33,yes,no,cellular,5,may,298,1,-1,0,unknown,no,0.033
32,housemaid,married,tertiary,no,357,yes,no,cellular,18,nov,175,2,-1,0,unknown,no,0.357
55,blue-collar,married,primary,no,145,no,no,telephone,2,feb,59,3,5,2,other,no,0.145
41,technician,married,secondary,no,1066,no,no,cellular,11,feb,109,3,-1,0,unknown,yes,1.066
40,technician,married,secondary,no,2715,yes,no,unknown,29,may,125,2,-1,0,unknown,no,2.715
27,housemaid,married,primary,no,0,yes,no,cellular,23,jul,435,3,-1,0,unknown,no,0.0
57,admin.,married,tertiary,no,46,no,no,cellular,7,aug,238,2,-1,0,unknown,no,0.046
59,technician,divorced,secondary,no,879,yes,no,unknown,26,may,228,1,-1,0,unknown,no,0.879
25,self-employed,single,tertiary,no,453,yes,no,cellular,17,jul,134,1,-1,0,unknown,no,0.453
51,management,married,tertiary,no,630,yes,no,cellular,5,may,138,1,-1,0,unknown,no,0.63
37,management,single,tertiary,no,815,yes,no,cellular,7,may,77,1,-1,0,unknown,no,0.815
35,services,married,secondary,no,505,yes,yes,unknown,27,may,371,2,-1,0,unknown,no,0.505
55,management,divorced,tertiary,no,1598,no,no,cellular,22,aug,607,4,-1,0,unknown,no,1.598
36,management,married,secondary,no,80,yes,no,unknown,30,may,251,3,-1,0,unknown,no,0.08
43,blue-collar,divorced,primary,no,-97,yes,yes,cellular,31,jul,747,4,-1,0,unknown,no,-0.097
48,services,single,primary,no,1499,yes,no,cellular,12,may,17,7,-1,0,unknown,no,1.499
32,admin.,married,secondary,no,3540,yes,no,cellular,18,may,213,1,178,1,failure,no,3.54
34,services,married,secondary,no,-62,yes,no,unknown,16,jun,109,3,-1,0,unknown,no,-0.062
31,technician,married,secondary,no,119,yes,no,cellular,4,feb,380,1,-1,0,unknown,no,0.119
60,management,married,unknown,no,6313,no,no,unknown,19,jun,39,2,-1,0,unknown,no,6.313
45,technician,divorced,secondary,no,976,yes,no,cellular,17,apr,183,1,338,2,failure,no,0.976
45,blue-collar,married,primary,no,0,no,no,unknown,23,may,574,5,-1,0,unknown,no,0.0
31,blue-collar,married,secondary,no,1545,yes,yes,cellular,13,may,207,1,-1,0,unknown,no,1.545
42,admin.,married,secondary,no,214,yes,no,unknown,28,may,21,24,-1,0,unknown,no,0.214
55,retired,married,primary,no,8894,no,no,unknown,11,jun,262,1,-1,0,unknown,no,8.894
39,blue-collar,married,primary,no,694,yes,no,cellular,21,nov,44,1,-1,0,unknown,no,0.694
35,management,divorced,tertiary,no,321,yes,no,unknown,9,may,189,1,-1,0,unknown,no,0.321
32,admin.,single,secondary,no,739,yes,no,cellular,20,nov,91,3,-1,0,unknown,no,0.739
51,technician,married,secondary,no,-379,yes,no,cellular,5,aug,261,1,-1,0,unknown,no,-0.379
59,admin.,married,secondary,no,92,yes,no,cellular,12,may,139,2,350,1,failure,no,0.092
34,technician,single,secondary,no,105,yes,no,cellular,7,may,146,2,171,3,failure,no,0.105
50,technician,married,secondary,no,1130,yes,no,cellular,23,jul,119,2,-1,0,unknown,no,1.13
33,blue-collar,married,secondary,no,285,no,yes,unknown,3,jul,267,1,-1,0,unknown,no,0.285
33,technician,single,secondary,no,2085,no,no,cellular,9,feb,501,2,-1,0,unknown,yes,2.085
41,blue-collar,married,primary,no,168,yes,no,cellular,18,nov,187,3,-1,0,unknown,no,0.168
53,services,married,secondary,no,-2,yes,yes,cellular,16,apr,144,2,-1,0,unknown,no,-0.002
59,self-employed,married,tertiary,no,2013,no,no,cellular,19,feb,222,4,94,2,success,yes,2.013
48,management,divorced,secondary,no,1598,yes,no,unknown,29,may,84,1,-1,0,unknown,no,1.598
26,management,married,tertiary,no,265,no,no,cellular,30,jan,650,2,-1,0,unknown,no,0.265
25,admin.,single,tertiary,no,1420,no,no,cellular,8,apr,124,2,-1,0,unknown,no,1.42
45,blue-collar,married,primary,no,185,yes,no,cellular,29,jan,249,3,-1,0,unknown,no,0.185
28,technician,single,secondary,no,1532,no,no,cellular,22,may,253,1,107,5,failure,no,1.532
42,entrepreneur,married,tertiary,no,42045,no,no,cellular,8,aug,205,2,-1,0,unknown,no,42.045
44,unemployed,married,tertiary,no,178,no,no,cellular,8,aug,126,2,-1,0,unknown,no,0.178
31,unknown,divorced,tertiary,no,137,no,no,cellular,22,aug,385,9,-1,0,unknown,no,0.137
37,technician,single,secondary,no,-242,yes,no,cellular,13,aug,1149,6,-1,0,unknown,yes,-0.242
23,blue-collar,single,primary,no,8627,yes,no,cellular,15,may,169,1,346,1,failure,no,8.627
32,management,married,secondary,no,6217,yes,yes,cellular,18,nov,486,2,181,2,failure,no,6.217
58,self-employed,married,secondary,no,1407,yes,no,unknown,30,may,58,1,-1,0,unknown,no,1.407
38,blue-collar,married,secondary,no,526,yes,yes,unknown,23,may,553,2,-1,0,unknown,no,0.526
27,services,married,secondary,no,-1202,yes,no,unknown,4,jun,749,2,-1,0,unknown,no,-1.202
34,management,married,tertiary,no,1657,yes,no,cellular,18,may,566,2,356,4,failure,no,1.657
50,blue-collar,married,primary,no,1164,yes,no,unknown,8,may,166,2,-1,0,unknown,no,1.164
33,blue-collar,married,secondary,no,1134,yes,no,unknown,23,may,304,2,-1,0,unknown,no,1.134
34,management,single,tertiary,no,1171,yes,no,cellular,10,jul,129,1,-1,0,unknown,no,1.171
52,housemaid,married,secondary,no,14363,no,no,unknown,5,jun,132,1,-1,0,unknown,no,14.363
35,entrepreneur,married,secondary,no,2971,no,no,cellular,4,may,429,4,164,2,failure,yes,2.971
49,unemployed,married,tertiary,no,377,no,no,cellular,22,may,158,1,59,2,failure,no,0.377
39,admin.,divorced,secondary,no,83,yes,no,cellular,30,jul,69,6,-1,0,unknown,no,0.083
49,services,married,secondary,no,1114,no,no,cellular,17,nov,283,1,-1,0,unknown,no,1.114
36,management,married,secondary,no,644,yes,no,cellular,18,nov,54,2,-1,0,unknown,no,0.644
40,unemployed,married,secondary,no,0,yes,no,cellular,19,nov,332,1,183,1,failure,no,0.0
27,blue-collar,single,secondary,no,3792,no,no,cellular,22,apr,279,2,-1,0,unknown,yes,3.792
48,blue-collar,married,secondary,no,741,yes,no,cellular,16,apr,227,1,-1,0,unknown,no,0.741
44,technician,single,secondary,no,7138,no,no,cellular,8,aug,809,2,-1,0,unknown,yes,7.138
35,management,married,tertiary,no,0,yes,no,cellular,21,jul,295,3,-1,0,unknown,no,0.0
36,management,single,tertiary,no,339,no,no,cellular,21,nov,6,6,-1,0,unknown,no,0.339
31,services,married,secondary,no,500,yes,no,unknown,6,jun,19,18,-1,0,unknown,no,0.5
46,services,married,secondary,no,0,yes,no,cellular,22,jun,154,1,124,1,other,no,0.0
52,blue-collar,married,secondary,no,289,yes,no,unknown,21,may,45,13,-1,0,unknown,no,0.289
30,admin.,married,secondary,no,518,yes,no,cellular,8,may,127,1,-1,0,unknown,no,0.518
36,technician,married,tertiary,no,1109,no,no,cellular,13,aug,328,2,-1,0,unknown,no,1.109
44,management,married,secondary,no,576,yes,no,unknown,8,may,128,3,-1,0,unknown,no,0.576
51,management,single,tertiary,yes,-55,yes,no,cellular,18,aug,119,6,-1,0,unknown,no,-0.055
51,blue-collar,married,primary,no,5050,no,yes,unknown,16,jun,75,7,-1,0,unknown,no,5.05
49,blue-collar,married,secondary,no,171,no,no,cellular,4,feb,19,3,175,2,other,no,0.171
37,blue-collar,married,primary,no,11,no,no,telephone,30,jul,109,8,-1,0,unknown,no,0.011
55,blue-collar,divorced,primary,no,410,no,yes,cellular,11,jul,221,2,-1,0,unknown,no,0.41
23,technician,single,secondary,no,-306,yes,no,unknown,4,jun,217,2,-1,0,unknown,no,-0.306
51,blue-collar,married,primary,no,1466,yes,no,unknown,7,may,406,2,-1,0,unknown,no,1.466
30,technician,single,tertiary,no,699,yes,no,cellular,11,aug,213,4,-1,0,unknown,no,0.699
35,admin.,married,secondary,no,147,yes,yes,cellular,29,jan,41,1,184,7,failure,no,0.147
43,technician,married,secondary,no,17,yes,no,unknown,16,may,353,4,-1,0,unknown,no,0.017
35,housemaid,married,tertiary,no,11219,no,no,cellular,12,aug,699,2,79,1,failure,no,11.219
38,management,married,tertiary,no,-558,yes,no,cellular,21,jul,533,1,-1,0,unknown,no,-0.558
30,blue-collar,single,secondary,no,363,no,no,cellular,28,jul,171,3,-1,0,unknown,no,0.363
57,management,married,tertiary,no,929,no,no,cellular,19,aug,387,8,-1,0,unknown,no,0.929
47,services,married,secondary,no,440,yes,no,unknown,12,jun,91,1,-1,0,unknown,no,0.44
48,management,married,primary,no,3230,yes,no,telephone,20,nov,207,3,-1,0,unknown,no,3.23
38,technician,married,secondary,no,6728,no,no,cellular,25,nov,232,1,96,4,success,yes,6.728
52,blue-collar,divorced,primary,no,1758,yes,no,unknown,15,may,41,1,-1,0,unknown,no,1.758
44,admin.,married,secondary,no,0,yes,yes,unknown,16,may,159,1,-1,0,unknown,no,0.0
32,blue-collar,married,secondary,no,3514,yes,no,unknown,20,may,226,2,-1,0,unknown,no,3.514
39,blue-collar,married,secondary,no,1439,yes,no,telephone,28,jul,73,6,-1,0,unknown,no,1.439
34,blue-collar,divorced,secondary,no,0,no,yes,unknown,21,may,339,1,-1,0,unknown,no,0.0
34,technician,married,secondary,no,0,yes,no,cellular,15,jul,144,1,-1,0,unknown,no,0.0
57,blue-collar,married,primary,no,93,yes,no,telephone,17,apr,137,1,-1,0,unknown,no,0.093
45,admin.,divorced,secondary,no,59,yes,no,cellular,24,jul,873,8,-1,0,unknown,yes,0.059
48,blue-collar,single,primary,no,316,no,no,unknown,5,jun,560,2,-1,0,unknown,no,0.316
53,blue-collar,married,primary,no,306,no,no,cellular,28,jul,388,3,181,1,success,yes,0.306
53,technician,married,primary,no,6839,yes,no,cellular,19,nov,77,1,-1,0,unknown,no,6.839
40,blue-collar,married,secondary,no,952,no,yes,unknown,12,jun,140,1,-1,0,unknown,no,0.952
27,services,single,secondary,no,-124,no,no,cellular,18,jul,217,1,-1,0,unknown,no,-0.124
41,self-employed,single,tertiary,no,3950,yes,no,unknown,30,may,96,2,-1,0,unknown,no,3.95
49,admin.,single,secondary,no,981,yes,no,telephone,21,nov,10,3,-1,0,unknown,no,0.981
49,management,married,tertiary,no,87,no,no,cellular,29,jan,165,1,-1,0,unknown,no,0.087
39,management,divorced,tertiary,no,355,yes,no,cellular,25,aug,313,5,-1,0,unknown,no,0.355
45,self-employed,married,secondary,no,706,no,no,cellular,30,apr,78,2,176,1,success,no,0.706
41,management,married,tertiary,no,6563,no,no,cellular,27,aug,136,8,-1,0,unknown,no,6.563
37,entrepreneur,divorced,tertiary,no,66,no,no,cellular,18,nov,1164,2,-1,0,unknown,yes,0.066
56,retired,married,secondary,no,-1206,yes,no,cellular,15,jun,382,2,-1,0,unknown,yes,-1.206
41,technician,divorced,secondary,no,0,yes,no,cellular,17,nov,386,2,-1,0,unknown,no,0.0
36,technician,single,secondary,no,1521,yes,no,unknown,16,jun,243,2,-1,0,unknown,no,1.521
36,blue-collar,single,primary,no,1313,yes,no,unknown,20,jun,8,10,-1,0,unknown,no,1.313
52,blue-collar,married,primary,no,1141,yes,no,cellular,12,may,22,5,-1,0,unknown,no,1.141
41,blue-collar,married,secondary,no,121,yes,no,cellular,13,may,16,6,176,5,other,no,0.121
43,management,married,secondary,no,481,yes,no,telephone,18,nov,164,1,110,2,other,no,0.481
35,admin.,married,secondary,no,0,yes,no,cellular,20,apr,18,5,-1,0,unknown,no,0.0
48,management,married,tertiary,no,0,no,no,cellular,28,aug,16,16,-1,0,unknown,no,0.0
28,management,single,tertiary,no,3238,yes,no,unknown,19,may,7,1,-1,0,unknown,no,3.238
45,technician,married,secondary,no,1415,yes,no,cellular,17,nov,483,1,116,1,failure,no,1.415
53,retired,married,secondary,no,665,yes,no,cellular,22,apr,371,2,-1,0,unknown,yes,0.665
27,self-employed,single,secondary,no,49,yes,no,cellular,30,jan,208,2,-1,0,unknown,no,0.049
38,management,single,tertiary,no,8669,yes,no,telephone,20,apr,5,3,150,6,failure,no,8.669
36,entrepreneur,married,tertiary,no,3057,no,no,unknown,16,jun,2769,4,-1,0,unknown,yes,3.057
19,student,single,unknown,no,1169,no,no,cellular,6,feb,463,18,-1,0,unknown,no,1.169
46,services,married,secondary,no,451,yes,yes,cellular,13,may,389,4,-1,0,unknown,no,0.451
30,student,single,tertiary,no,34,yes,no,unknown,6,may,289,1,-1,0,unknown,no,0.034
41,entrepreneur,married,unknown,no,89,yes,no,unknown,6,may,333,2,-1,0,unknown,no,0.089
37,services,single,secondary,no,1050,yes,no,cellular,3,feb,586,3,-1,0,unknown,no,1.05
32,management,married,secondary,no,350,yes,no,unknown,28,may,110,2,-1,0,unknown,no,0.35
40,self-employed,married,tertiary,no,1603,no,no,unknown,17,jun,279,1,-1,0,unknown,no,1.603
54,blue-collar,married,secondary,no,-630,no,no,unknown,23,may,173,1,-1,0,unknown,no,-0.63
34,technician,single,secondary,no,347,yes,no,cellular,6,feb,154,2,197,6,failure,no,0.347
40,housemaid,married,secondary,no,4610,no,no,cellular,14,aug,154,2,-1,0,unknown,no,4.61
39,blue-collar,married,unknown,no,0,no,no,cellular,2,feb,731,1,193,3,failure,no,0.0
51,services,divorced,secondary,no,12,yes,no,cellular,17,nov,150,1,-1,0,unknown,no,0.012
40,management,single,tertiary,no,36,yes,no,unknown,27,may,240,3,-1,0,unknown,no,0.036
32,technician,single,tertiary,no,741,yes,no,cellular,11,aug,238,1,-1,0,unknown,no,0.741
31,admin.,single,secondary,no,747,yes,no,unknown,26,may,543,2,-1,0,unknown,yes,0.747
39,services,married,secondary,no,1970,yes,no,unknown,8,jun,30,1,404,2,success,no,1.97
30,technician,single,tertiary,no,411,no,no,cellular,21,apr,142,1,-1,0,unknown,no,0.411
49,management,married,tertiary,no,322,no,no,cellular,6,aug,72,4,-1,0,unknown,no,0.322
30,technician,single,secondary,no,4787,yes,no,unknown,4,jun,99,2,-1,0,unknown,no,4.787
34,technician,married,secondary,no,-346,no,no,cellular,13,aug,136,4,-1,0,unknown,no,-0.346
44,management,married,tertiary,no,1242,yes,no,cellular,6,aug,384,6,-1,0,unknown,no,1.242
36,management,married,tertiary,no,0,yes,no,unknown,27,may,145,2,-1,0,unknown,no,0.0
36,management,married,tertiary,no,-381,yes,no,cellular,31,jul,30,29,-1,0,unknown,no,-0.381
37,technician,divorced,secondary,no,2610,yes,no,cellular,13,may,53,1,-1,0,unknown,no,2.61
52,management,married,secondary,no,335,no,no,cellular,21,oct,411,1,182,1,failure,yes,0.335
50,blue-collar,married,secondary,no,579,no,no,cellular,26,aug,83,4,-1,0,unknown,no,0.579
39,services,married,secondary,no,0,yes,no,unknown,20,may,793,2,-1,0,unknown,no,0.0
43,blue-collar,married,primary,no,7343,yes,no,unknown,2,jun,217,4,-1,0,unknown,no,7.343
58,blue-collar,married,primary,no,73,no,no,unknown,17,jun,116,1,-1,0,unknown,no,0.073
59,technician,married,primary,no,3163,yes,no,unknown,29,may,240,2,-1,0,unknown,no,3.163
42,admin.,married,secondary,no,323,yes,yes,unknown,8,may,280,2,-1,0,unknown,no,0.323
40,blue-collar,married,primary,no,177,yes,yes,telephone,21,jul,742,4,-1,0,unknown,no,0.177
33,management,single,primary,no,4897,yes,no,unknown,20,may,151,1,-1,0,unknown,no,4.897
31,blue-collar,divorced,secondary,no,-452,yes,no,unknown,26,may,182,5,-1,0,unknown,no,-0.452
60,admin.,married,secondary,no,1025,no,no,cellular,6,aug,388,8,-1,0,unknown,no,1.025
32,blue-collar,married,secondary,no,300,no,no,cellular,6,feb,166,2,-1,0,unknown,no,0.3
35,services,married,secondary,no,0,yes,no,cellular,18,may,146,2,-1,0,unknown,no,0.0
31,management,married,tertiary,no,1331,no,no,cellular,30,apr,297,1,86,3,success,yes,1.331
55,management,married,tertiary,no,6880,no,no,cellular,8,aug,353,2,-1,0,unknown,no,6.88
57,retired,married,secondary,no,374,yes,yes,cellular,16,jul,236,1,-1,0,unknown,no,0.374
59,retired,married,secondary,no,1173,no,no,unknown,9,jun,77,2,-1,0,unknown,no,1.173
83,retired,divorced,primary,no,0,no,no,telephone,31,may,664,1,77,3,success,no,0.0
65,unknown,married,unknown,no,4717,no,no,telephone,6,aug,256,1,-1,0,unknown,yes,4.717
51,management,married,tertiary,no,-892,yes,yes,cellular,14,aug,248,2,-1,0,unknown,no,-0.892
30,management,married,tertiary,no,1476,yes,yes,unknown,3,jun,199,4,-1,0,unknown,no,1.476
46,services,divorced,secondary,no,5,yes,yes,cellular,29,jan,305,2,-1,0,unknown,no,0.005
21,student,single,secondary,no,2488,no,no,cellular,30,jun,258,6,169,3,success,yes,2.488
39,entrepreneur,married,unknown,no,98,yes,no,telephone,15,may,59,3,367,1,other,no,0.098
34,management,married,tertiary,no,3050,yes,no,cellular,13,may,469,1,-1,0,unknown,yes,3.05
24,blue-collar,married,secondary,no,204,yes,yes,cellular,17,apr,229,3,-1,0,unknown,no,0.204
48,technician,married,secondary,no,454,yes,no,cellular,10,jul,114,1,-1,0,unknown,no,0.454
37,admin.,married,secondary,no,749,no,no,cellular,21,apr,219,1,-1,0,unknown,no,0.749
33,blue-collar,single,primary,no,1,yes,no,cellular,20,apr,257,1,-1,0,unknown,no,0.001
52,blue-collar,married,secondary,no,1117,yes,no,cellular,13,may,365,1,-1,0,unknown,no,1.117
48,technician,married,secondary,no,10655,no,no,telephone,31,jul,5,3,-1,0,unknown,no,10.655
32,management,single,tertiary,no,1731,yes,yes,unknown,29,may,323,3,-1,0,unknown,no,1.731
38,student,single,tertiary,no,807,no,no,cellular,27,feb,74,2,-1,0,unknown,no,0.807
26,unemployed,single,secondary,no,1064,no,no,unknown,31,may,113,1,-1,0,unknown,no,1.064
56,admin.,married,secondary,no,1504,yes,no,unknown,29,may,66,2,-1,0,unknown,no,1.504
52,services,married,secondary,no,-888,no,no,cellular,16,jul,135,1,-1,0,unknown,no,-0.888
28,blue-collar,single,secondary,no,416,yes,no,unknown,13,may,452,2,-1,0,unknown,no,0.416
57,blue-collar,married,primary,no,318,yes,no,unknown,27,may,206,2,-1,0,unknown,no,0.318
48,technician,married,secondary,no,197,no,yes,cellular,3,feb,47,2,222,3,other,no,0.197
35,management,married,tertiary,no,24,yes,no,cellular,8,apr,169,1,231,2,failure,no,0.024
37,self-employed,married,secondary,no,215,yes,no,unknown,6,jun,61,1,-1,0,unknown,no,0.215
34,management,married,tertiary,no,0,yes,no,unknown,8,may,214,2,-1,0,unknown,no,0.0
37,technician,single,secondary,no,3665,no,no,cellular,12,aug,664,3,-1,0,unknown,yes,3.665
47,blue-collar,married,secondary,no,5306,yes,no,unknown,15,may,322,1,-1,0,unknown,no,5.306
24,blue-collar,married,secondary,no,-254,yes,yes,unknown,27,may,290,2,-1,0,unknown,no,-0.254
50,unemployed,married,secondary,no,1772,no,no,cellular,29,jul,206,4,-1,0,unknown,no,1.772
42,unemployed,married,secondary,no,8131,yes,no,unknown,30,may,69,1,-1,0,unknown,no,8.131
31,services,married,secondary,no,428,yes,no,unknown,21,may,272,1,-1,0,unknown,no,0.428
41,admin.,single,tertiary,no,982,no,no,cellular,23,jul,105,1,-1,0,unknown,no,0.982
27,student,single,secondary,no,671,yes,no,unknown,7,may,332,2,-1,0,unknown,no,0.671
30,blue-collar,single,secondary,no,6900,no,no,cellular,21,nov,816,1,-1,0,unknown,no,6.9
32,technician,single,tertiary,no,259,no,no,cellular,22,jul,407,4,-1,0,unknown,no,0.259
42,blue-collar,married,secondary,no,3068,yes,yes,cellular,11,may,429,2,-1,0,unknown,no,3.068
34,self-employed,single,tertiary,no,5462,no,no,cellular,30,apr,430,1,-1,0,unknown,yes,5.462
60,admin.,married,unknown,no,1088,yes,no,cellular,26,may,149,1,-1,0,unknown,no,1.088
45,management,married,tertiary,no,-459,no,no,cellular,21,aug,508,6,-1,0,unknown,no,-0.459
41,management,married,tertiary,no,49,yes,no,cellular,17,jul,312,5,-1,0,unknown,no,0.049
30,management,married,tertiary,no,3134,yes,no,cellular,17,jul,124,1,-1,0,unknown,no,3.134
40,admin.,married,secondary,no,1327,yes,yes,unknown,26,may,76,2,-1,0,unknown,no,1.327
57,blue-collar,married,primary,yes,195,no,yes,telephone,30,jul,185,4,-1,0,unknown,no,0.195
33,management,married,tertiary,no,752,yes,no,cellular,11,aug,104,4,-1,0,unknown,no,0.752
33,services,divorced,secondary,no,991,yes,no,unknown,27,may,148,1,-1,0,unknown,no,0.991
38,blue-collar,married,primary,no,2240,yes,no,cellular,19,nov,551,1,183,1,failure,no,2.24
46,blue-collar,married,primary,no,0,yes,no,unknown,12,may,51,9,-1,0,unknown,no,0.0
37,management,married,primary,no,3953,yes,no,cellular,6,apr,610,2,138,1,failure,no,3.953
35,services,married,secondary,no,128,yes,no,cellular,12,may,136,1,-1,0,unknown,no,0.128
28,student,single,secondary,no,459,no,no,cellular,16,mar,83,13,-1,0,unknown,no,0.459
45,admin.,single,secondary,no,-11,yes,no,cellular,5,may,247,1,-1,0,unknown,no,-0.011
46,blue-collar,married,secondary,no,519,yes,no,cellular,25,aug,217,6,-1,0,unknown,no,0.519
37,self-employed,single,tertiary,no,556,no,no,unknown,17,jun,200,2,-1,0,unknown,no,0.556
37,admin.,married,secondary,no,176,yes,no,cellular,5,may,147,2,347,1,failure,no,0.176
30,admin.,married,secondary,no,122,yes,no,unknown,16,may,107,1,-1,0,unknown,no,0.122
36,management,divorced,tertiary,no,3611,yes,no,unknown,4,jun,347,3,-1,0,unknown,no,3.611
33,technician,divorced,secondary,no,0,yes,no,cellular,7,may,177,2,-1,0,unknown,no,0.0
45,technician,divorced,secondary,no,809,yes,no,cellular,13,may,155,2,363,4,failure,no,0.809
45,technician,single,secondary,no,410,yes,no,unknown,30,may,891,4,-1,0,unknown,yes,0.41
32,services,married,secondary,no,1464,yes,no,unknown,3,jun,193,1,-1,0,unknown,no,1.464
38,blue-collar,married,primary,no,290,yes,no,cellular,16,apr,283,1,-1,0,unknown,no,0.29
37,management,divorced,tertiary,no,168,yes,no,unknown,5,jun,227,1,-1,0,unknown,no,0.168
44,services,married,secondary,no,0,yes,yes,cellular,11,may,161,1,-1,0,unknown,no,0.0
45,technician,married,secondary,no,88,no,no,cellular,29,aug,150,2,-1,0,unknown,no,0.088
28,blue-collar,single,secondary,no,-46,yes,no,cellular,1,sep,199,1,92,14,success,yes,-0.046
36,blue-collar,married,secondary,no,-206,yes,no,unknown,8,may,177,2,-1,0,unknown,no,-0.206
21,student,single,unknown,no,137,yes,no,unknown,12,may,198,3,-1,0,unknown,no,0.137
26,admin.,married,secondary,no,0,no,no,unknown,27,may,755,1,-1,0,unknown,no,0.0
40,management,single,tertiary,no,1509,no,no,cellular,15,mar,144,2,124,1,failure,no,1.509
37,management,single,tertiary,no,509,yes,no,cellular,6,may,133,1,-1,0,unknown,no,0.509
29,management,married,tertiary,no,318,yes,no,cellular,18,may,1434,2,356,4,failure,no,0.318
53,management,married,tertiary,no,146,no,no,unknown,30,may,150,1,-1,0,unknown,no,0.146
42,blue-collar,married,primary,no,2519,yes,no,unknown,15,may,262,4,-1,0,unknown,no,2.519
38,blue-collar,married,secondary,no,2008,yes,no,cellular,18,nov,354,1,-1,0,unknown,no,2.008
37,technician,single,secondary,no,5436,yes,no,cellular,6,may,7,11,351,1,failure,no,5.436
33,technician,divorced,tertiary,no,-386,yes,no,unknown,23,may,530,1,-1,0,unknown,no,-0.386
36,technician,married,secondary,no,23,yes,no,cellular,8,may,152,2,347,1,failure,no,0.023
49,admin.,married,secondary,no,14440,yes,no,cellular,21,nov,60,1,-1,0,unknown,no,14.44
47,admin.,divorced,secondary,no,162,yes,no,unknown,9,may,203,4,-1,0,unknown,no,0.162
45,admin.,married,secondary,no,-547,yes,no,unknown,3,jun,214,2,-1,0,unknown,no,-0.547
55,services,divorced,secondary,no,218,yes,no,unknown,29,may,200,2,-1,0,unknown,no,0.218
27,services,married,secondary,no,54,yes,no,cellular,18,may,97,1,370,1,failure,no,0.054
35,entrepreneur,married,tertiary,no,2723,yes,yes,cellular,8,aug,275,4,-1,0,unknown,no,2.723
83,retired,married,secondary,no,0,no,no,cellular,18,mar,140,10,-1,0,unknown,no,0.0
40,technician,single,secondary,no,641,no,no,cellular,16,jul,156,6,-1,0,unknown,no,0.641
39,blue-collar,married,primary,no,800,yes,no,cellular,19,nov,76,6,-1,0,unknown,no,0.8
42,technician,married,secondary,no,440,yes,no,cellular,3,feb,13,5,-1,0,unknown,no,0.44
57,self-employed,married,tertiary,yes,-3313,yes,yes,unknown,9,may,153,1,-1,0,unknown,no,-3.313
57,blue-collar,married,primary,no,5431,yes,yes,unknown,6,may,383,1,-1,0,unknown,no,5.431
54,management,divorced,tertiary,no,1295,yes,no,cellular,21,jul,179,10,-1,0,unknown,no,1.295
33,self-employed,married,tertiary,no,483,yes,no,cellular,3,feb,280,2,-1,0,unknown,no,0.483
33,blue-collar,married,primary,no,0,yes,no,unknown,15,may,270,1,-1,0,unknown,no,0.0
28,student,single,secondary,no,330,no,no,telephone,2,feb,197,1,-1,0,unknown,no,0.33
42,technician,single,tertiary,no,-411,yes,no,cellular,12,may,78,5,292,3,failure,no,-0.411
24,student,single,secondary,no,508,yes,no,telephone,18,may,12,3,374,1,other,no,0.508
54,retired,divorced,tertiary,no,6102,yes,yes,unknown,21,may,86,6,-1,0,unknown,no,6.102
48,blue-collar,married,secondary,no,-19,no,yes,unknown,4,jul,270,1,-1,0,unknown,no,-0.019
38,management,single,tertiary,no,623,no,no,cellular,28,jun,297,4,144,4,other,yes,0.623
57,blue-collar,married,primary,no,452,yes,no,unknown,13,may,139,4,-1,0,unknown,no,0.452
60,management,married,primary,no,4895,no,no,unknown,9,jun,313,1,-1,0,unknown,no,4.895
52,technician,married,secondary,no,192,yes,no,cellular,23,jul,61,2,-1,0,unknown,no,0.192
38,management,divorced,secondary,no,-17,no,no,cellular,21,nov,11,4,-1,0,unknown,no,-0.017
57,technician,married,secondary,no,6164,no,no,cellular,19,nov,161,2,-1,0,unknown,no,6.164
54,services,married,unknown,no,7864,yes,no,unknown,15,may,145,4,-1,0,unknown,no,7.864
39,blue-collar,married,primary,no,111,no,no,cellular,18,nov,201,2,-1,0,unknown,no,0.111
40,technician,married,secondary,no,1819,no,no,cellular,5,jun,398,2,-1,0,unknown,no,1.819
36,technician,married,tertiary,no,629,yes,yes,cellular,29,dec,109,1,246,1,failure,no,0.629
44,self-employed,divorced,secondary,no,80,yes,yes,unknown,14,may,387,2,-1,0,unknown,no,0.08
27,services,single,secondary,no,201,yes,no,unknown,4,jun,172,2,-1,0,unknown,no,0.201
58,management,married,tertiary,no,2729,no,no,unknown,18,jun,188,1,-1,0,unknown,no,2.729
32,services,married,primary,no,228,yes,no,cellular,21,jul,1017,6,-1,0,unknown,yes,0.228
39,blue-collar,married,secondary,no,285,yes,yes,unknown,6,may,209,1,-1,0,unknown,no,0.285
32,technician,single,tertiary,no,1012,no,no,cellular,14,apr,178,1,-1,0,unknown,no,1.012
33,management,single,tertiary,no,1439,yes,no,cellular,3,jun,178,2,-1,0,unknown,no,1.439
45,blue-collar,married,primary,no,0,no,no,cellular,26,aug,454,2,-1,0,unknown,no,0.0
46,management,married,tertiary,no,523,yes,no,cellular,6,may,105,4,366,2,failure,no,0.523
49,retired,married,primary,no,-37,no,no,unknown,4,jul,191,2,-1,0,unknown,no,-0.037
49,management,divorced,tertiary,no,1405,no,no,unknown,8,jun,29,1,-1,0,unknown,no,1.405
35,management,single,tertiary,no,747,no,no,cellular,23,feb,141,2,176,3,failure,no,0.747
35,technician,single,secondary,no,-51,no,no,unknown,2,jul,134,2,-1,0,unknown,no,-0.051
48,retired,married,primary,yes,-285,no,yes,cellular,19,nov,157,1,-1,0,unknown,no,-0.285
30,management,married,tertiary,no,944,no,no,cellular,29,oct,251,2,-1,0,unknown,yes,0.944
48,technician,married,tertiary,no,9207,no,no,cellular,18,aug,445,3,-1,0,unknown,no,9.207
60,unknown,married,unknown,no,7337,no,no,cellular,4,aug,122,1,-1,0,unknown,no,7.337
39,admin.,single,secondary,no,1242,yes,no,unknown,12,may,303,3,-1,0,unknown,no,1.242
37,admin.,married,secondary,no,-107,yes,no,unknown,28,may,158,2,-1,0,unknown,no,-0.107
39,management,married,tertiary,no,0,yes,no,unknown,2,jun,46,2,-1,0,unknown,no,0.0
34,blue-collar,married,secondary,no,7,yes,yes,cellular,2,feb,171,2,193,2,other,no,0.007
44,technician,divorced,secondary,no,14,no,no,cellular,13,nov,167,1,92,1,success,yes,0.014
41,unemployed,married,tertiary,no,1666,no,no,unknown,9,jun,291,3,-1,0,unknown,no,1.666
35,technician,single,secondary,no,5731,yes,no,cellular,4,may,164,2,167,4,other,no,5.731
24,admin.,single,secondary,no,926,yes,yes,cellular,15,may,191,1,-1,0,unknown,no,0.926
32,management,single,tertiary,no,537,no,no,unknown,29,may,187,3,-1,0,unknown,no,0.537
30,management,single,tertiary,no,329,yes,no,unknown,6,jun,122,16,-1,0,unknown,no,0.329
58,blue-collar,married,secondary,no,0,no,yes,cellular,14,apr,101,5,-1,0,unknown,no,0.0
34,management,married,secondary,no,293,yes,no,unknown,21,may,162,3,-1,0,unknown,no,0.293
61,admin.,married,secondary,no,4608,no,no,cellular,12,mar,212,1,-1,0,unknown,yes,4.608
47,blue-collar,married,primary,no,233,no,no,cellular,8,aug,293,3,-1,0,unknown,no,0.233
37,management,married,primary,no,22856,no,no,cellular,2,jul,154,1,388,1,failure,no,22.856
32,services,married,secondary,no,132,yes,yes,unknown,19,may,343,2,-1,0,unknown,no,0.132
30,blue-collar,single,primary,no,395,no,no,cellular,21,nov,429,1,-1,0,unknown,no,0.395
32,admin.,single,tertiary,no,-59,no,yes,unknown,4,jul,192,1,-1,0,unknown,no,-0.059
31,blue-collar,married,secondary,no,1660,yes,no,cellular,20,apr,342,1,-1,0,unknown,no,1.66
41,technician,married,secondary,no,288,yes,no,unknown,15,may,221,4,-1,0,unknown,no,0.288
42,unemployed,divorced,secondary,no,759,no,no,cellular,28,jan,97,1,169,3,failure,no,0.759
77,retired,married,tertiary,no,0,no,no,cellular,16,oct,847,1,60,1,success,yes,0.0
47,technician,divorced,tertiary,no,477,yes,no,telephone,7,may,973,1,366,1,failure,no,0.477
40,services,married,secondary,no,1325,no,no,unknown,11,jun,150,2,-1,0,unknown,no,1.325
31,admin.,married,secondary,no,3,yes,no,cellular,28,jul,37,12,-1,0,unknown,no,0.003
33,blue-collar,married,secondary,no,745,yes,no,unknown,23,may,115,4,-1,0,unknown,no,0.745
35,self-employed,married,tertiary,no,560,yes,no,cellular,2,apr,58,1,136,1,failure,no,0.56
63,retired,married,secondary,no,415,yes,no,cellular,7,oct,323,1,-1,0,unknown,no,0.415
35,technician,married,secondary,no,2189,no,no,cellular,19,nov,256,3,-1,0,unknown,no,2.189
33,management,married,tertiary,no,150,no,no,cellular,21,aug,151,2,-1,0,unknown,no,0.15
55,technician,divorced,secondary,no,61,yes,yes,cellular,25,aug,113,3,-1,0,unknown,no,0.061
31,management,married,tertiary,no,22546,yes,no,cellular,14,may,8,6,267,4,failure,no,22.546
31,technician,married,secondary,no,589,yes,yes,unknown,21,may,151,1,-1,0,unknown,no,0.589
37,housemaid,married,primary,no,189,no,no,cellular,8,aug,148,4,-1,0,unknown,no,0.189
57,retired,married,primary,no,75,no,no,cellular,28,aug,118,2,-1,0,unknown,no,0.075
39,technician,single,tertiary,no,5803,no,no,cellular,2,feb,83,3,-1,0,unknown,no,5.803
45,blue-collar,single,secondary,no,0,yes,no,cellular,26,jul,768,2,91,5,success,no,0.0
36,admin.,single,tertiary,no,980,no,no,cellular,11,nov,118,4,104,7,failure,no,0.98
42,technician,married,secondary,no,439,no,no,cellular,20,aug,143,2,-1,0,unknown,no,0.439
43,blue-collar,married,primary,no,232,no,yes,cellular,15,may,45,1,-1,0,unknown,no,0.232
